period_days,frequency_hz,amplitude_hz,roc_auc,detection_rate_at_validation_fpr5,n_test_signal,n_test_null,baseline
7.0,1.6534391534391535e-06,100.0,0.4760606060606061,0.0,5,660,hierarchical_sinusoid_jitter
7.0,1.6534391534391535e-06,200.0,0.6084848484848485,0.0,5,660,hierarchical_sinusoid_jitter
7.0,1.6534391534391535e-06,350.0,0.5018181818181817,0.0,5,660,hierarchical_sinusoid_jitter
7.0,1.6534391534391535e-06,500.0,0.5039393939393939,0.0,5,660,hierarchical_sinusoid_jitter
7.0,1.6534391534391535e-06,750.0,0.5218181818181818,0.0,5,660,hierarchical_sinusoid_jitter
7.0,1.6534391534391535e-06,1000.0,0.9309090909090909,0.4,5,660,hierarchical_sinusoid_jitter
7.0,1.6534391534391535e-06,1500.0,0.9236363636363637,0.8,5,660,hierarchical_sinusoid_jitter
7.0,1.6534391534391535e-06,2200.0,0.9657575757575758,0.8,5,660,hierarchical_sinusoid_jitter
7.0,1.6534391534391535e-06,3200.0,1.0,1.0,5,660,hierarchical_sinusoid_jitter
7.0,1.6534391534391535e-06,4500.0,1.0,1.0,5,660,hierarchical_sinusoid_jitter
7.0,1.6534391534391535e-06,6500.0,1.0,1.0,5,660,hierarchical_sinusoid_jitter
10.0,1.1574074074074074e-06,100.0,0.3942424242424243,0.0,5,660,hierarchical_sinusoid_jitter
10.0,1.1574074074074074e-06,200.0,0.6124242424242424,0.2,5,660,hierarchical_sinusoid_jitter
10.0,1.1574074074074074e-06,350.0,0.36575757575757584,0.0,5,660,hierarchical_sinusoid_jitter
10.0,1.1574074074074074e-06,500.0,0.500909090909091,0.0,5,660,hierarchical_sinusoid_jitter
10.0,1.1574074074074074e-06,750.0,0.7006060606060606,0.0,5,660,hierarchical_sinusoid_jitter
10.0,1.1574074074074074e-06,1000.0,0.9521212121212121,0.4,5,660,hierarchical_sinusoid_jitter
10.0,1.1574074074074074e-06,1500.0,0.8203030303030303,0.6,5,660,hierarchical_sinusoid_jitter
10.0,1.1574074074074074e-06,2200.0,0.993030303030303,1.0,5,660,hierarchical_sinusoid_jitter
10.0,1.1574074074074074e-06,3200.0,1.0,1.0,5,660,hierarchical_sinusoid_jitter
10.0,1.1574074074074074e-06,4500.0,1.0,1.0,5,660,hierarchical_sinusoid_jitter
10.0,1.1574074074074074e-06,6500.0,1.0,1.0,5,660,hierarchical_sinusoid_jitter
14.0,8.267195767195768e-07,100.0,0.4918181818181818,0.0,5,660,hierarchical_sinusoid_jitter
14.0,8.267195767195768e-07,200.0,0.4606060606060606,0.0,5,660,hierarchical_sinusoid_jitter
14.0,8.267195767195768e-07,350.0,0.38363636363636366,0.0,5,660,hierarchical_sinusoid_jitter
14.0,8.267195767195768e-07,500.0,0.6393939393939394,0.0,5,660,hierarchical_sinusoid_jitter
14.0,8.267195767195768e-07,750.0,0.6384848484848484,0.2,5,660,hierarchical_sinusoid_jitter
14.0,8.267195767195768e-07,1000.0,0.8275757575757576,0.6,5,660,hierarchical_sinusoid_jitter
14.0,8.267195767195768e-07,1500.0,0.9881818181818182,1.0,5,660,hierarchical_sinusoid_jitter
14.0,8.267195767195768e-07,2200.0,1.0,1.0,5,660,hierarchical_sinusoid_jitter
14.0,8.267195767195768e-07,3200.0,1.0,1.0,5,660,hierarchical_sinusoid_jitter
14.0,8.267195767195768e-07,4500.0,1.0,1.0,5,660,hierarchical_sinusoid_jitter
14.0,8.267195767195768e-07,6500.0,1.0,1.0,5,660,hierarchical_sinusoid_jitter
21.0,5.511463844797178e-07,100.0,0.43727272727272726,0.0,5,660,hierarchical_sinusoid_jitter
21.0,5.511463844797178e-07,200.0,0.6215151515151516,0.0,5,660,hierarchical_sinusoid_jitter
21.0,5.511463844797178e-07,350.0,0.6548484848484849,0.2,5,660,hierarchical_sinusoid_jitter
21.0,5.511463844797178e-07,500.0,0.7087878787878789,0.2,5,660,hierarchical_sinusoid_jitter
21.0,5.511463844797178e-07,750.0,0.826060606060606,0.6,5,660,hierarchical_sinusoid_jitter
21.0,5.511463844797178e-07,1000.0,0.9663636363636363,0.8,5,660,hierarchical_sinusoid_jitter
21.0,5.511463844797178e-07,1500.0,0.9981818181818182,1.0,5,660,hierarchical_sinusoid_jitter
21.0,5.511463844797178e-07,2200.0,0.9993939393939394,1.0,5,660,hierarchical_sinusoid_jitter
21.0,5.511463844797178e-07,3200.0,1.0,1.0,5,660,hierarchical_sinusoid_jitter
21.0,5.511463844797178e-07,4500.0,1.0,1.0,5,660,hierarchical_sinusoid_jitter
21.0,5.511463844797178e-07,6500.0,1.0,1.0,5,660,hierarchical_sinusoid_jitter
30.0,3.8580246913580245e-07,100.0,0.3487878787878788,0.0,5,660,hierarchical_sinusoid_jitter
30.0,3.8580246913580245e-07,200.0,0.5281818181818182,0.0,5,660,hierarchical_sinusoid_jitter
30.0,3.8580246913580245e-07,350.0,0.6551515151515152,0.0,5,660,hierarchical_sinusoid_jitter
30.0,3.8580246913580245e-07,500.0,0.6996969696969697,0.4,5,660,hierarchical_sinusoid_jitter
30.0,3.8580246913580245e-07,750.0,0.8684848484848485,0.6,5,660,hierarchical_sinusoid_jitter
30.0,3.8580246913580245e-07,1000.0,0.9881818181818182,1.0,5,660,hierarchical_sinusoid_jitter
30.0,3.8580246913580245e-07,1500.0,0.9842424242424243,0.8,5,660,hierarchical_sinusoid_jitter
30.0,3.8580246913580245e-07,2200.0,1.0,1.0,5,660,hierarchical_sinusoid_jitter
30.0,3.8580246913580245e-07,3200.0,1.0,1.0,5,660,hierarchical_sinusoid_jitter
30.0,3.8580246913580245e-07,4500.0,1.0,1.0,5,660,hierarchical_sinusoid_jitter
30.0,3.8580246913580245e-07,6500.0,1.0,1.0,5,660,hierarchical_sinusoid_jitter
45.0,2.57201646090535e-07,100.0,0.5148484848484849,0.0,5,660,hierarchical_sinusoid_jitter
45.0,2.57201646090535e-07,200.0,0.6657575757575758,0.0,5,660,hierarchical_sinusoid_jitter
45.0,2.57201646090535e-07,350.0,0.6339393939393939,0.0,5,660,hierarchical_sinusoid_jitter
45.0,2.57201646090535e-07,500.0,0.610909090909091,0.2,5,660,hierarchical_sinusoid_jitter
45.0,2.57201646090535e-07,750.0,0.7957575757575757,0.2,5,660,hierarchical_sinusoid_jitter
45.0,2.57201646090535e-07,1000.0,0.886969696969697,0.8,5,660,hierarchical_sinusoid_jitter
45.0,2.57201646090535e-07,1500.0,0.8857575757575757,0.4,5,660,hierarchical_sinusoid_jitter
45.0,2.57201646090535e-07,2200.0,1.0,1.0,5,660,hierarchical_sinusoid_jitter
45.0,2.57201646090535e-07,3200.0,1.0,1.0,5,660,hierarchical_sinusoid_jitter
45.0,2.57201646090535e-07,4500.0,1.0,1.0,5,660,hierarchical_sinusoid_jitter
45.0,2.57201646090535e-07,6500.0,1.0,1.0,5,660,hierarchical_sinusoid_jitter
60.0,1.9290123456790122e-07,100.0,0.743939393939394,0.0,5,660,hierarchical_sinusoid_jitter
60.0,1.9290123456790122e-07,200.0,0.3284848484848485,0.0,5,660,hierarchical_sinusoid_jitter
60.0,1.9290123456790122e-07,350.0,0.5230303030303031,0.0,5,660,hierarchical_sinusoid_jitter
60.0,1.9290123456790122e-07,500.0,0.5863636363636364,0.2,5,660,hierarchical_sinusoid_jitter
60.0,1.9290123456790122e-07,750.0,0.4372727272727273,0.0,5,660,hierarchical_sinusoid_jitter
60.0,1.9290123456790122e-07,1000.0,0.6021212121212121,0.0,5,660,hierarchical_sinusoid_jitter
60.0,1.9290123456790122e-07,1500.0,0.7324242424242424,0.2,5,660,hierarchical_sinusoid_jitter
60.0,1.9290123456790122e-07,2200.0,0.9445454545454546,0.6,5,660,hierarchical_sinusoid_jitter
60.0,1.9290123456790122e-07,3200.0,1.0,1.0,5,660,hierarchical_sinusoid_jitter
60.0,1.9290123456790122e-07,4500.0,1.0,1.0,5,660,hierarchical_sinusoid_jitter
60.0,1.9290123456790122e-07,6500.0,1.0,1.0,5,660,hierarchical_sinusoid_jitter
90.0,1.286008230452675e-07,100.0,0.7136363636363636,0.2,5,660,hierarchical_sinusoid_jitter
90.0,1.286008230452675e-07,200.0,0.4584848484848485,0.0,5,660,hierarchical_sinusoid_jitter
90.0,1.286008230452675e-07,350.0,0.5984848484848485,0.2,5,660,hierarchical_sinusoid_jitter
90.0,1.286008230452675e-07,500.0,0.476060606060606,0.0,5,660,hierarchical_sinusoid_jitter
90.0,1.286008230452675e-07,750.0,0.8190909090909091,0.2,5,660,hierarchical_sinusoid_jitter
90.0,1.286008230452675e-07,1000.0,0.6509090909090909,0.0,5,660,hierarchical_sinusoid_jitter
90.0,1.286008230452675e-07,1500.0,0.9981818181818182,1.0,5,660,hierarchical_sinusoid_jitter
90.0,1.286008230452675e-07,2200.0,0.9984848484848485,1.0,5,660,hierarchical_sinusoid_jitter
90.0,1.286008230452675e-07,3200.0,1.0,1.0,5,660,hierarchical_sinusoid_jitter
90.0,1.286008230452675e-07,4500.0,1.0,1.0,5,660,hierarchical_sinusoid_jitter
90.0,1.286008230452675e-07,6500.0,1.0,1.0,5,660,hierarchical_sinusoid_jitter
120.0,9.645061728395061e-08,100.0,0.40727272727272723,0.0,5,660,hierarchical_sinusoid_jitter
120.0,9.645061728395061e-08,200.0,0.5457575757575758,0.0,5,660,hierarchical_sinusoid_jitter
120.0,9.645061728395061e-08,350.0,0.40424242424242424,0.0,5,660,hierarchical_sinusoid_jitter
120.0,9.645061728395061e-08,500.0,0.7572727272727273,0.2,5,660,hierarchical_sinusoid_jitter
120.0,9.645061728395061e-08,750.0,0.6715151515151515,0.2,5,660,hierarchical_sinusoid_jitter
120.0,9.645061728395061e-08,1000.0,0.9448484848484848,0.6,5,660,hierarchical_sinusoid_jitter
120.0,9.645061728395061e-08,1500.0,1.0,1.0,5,660,hierarchical_sinusoid_jitter
120.0,9.645061728395061e-08,2200.0,1.0,1.0,5,660,hierarchical_sinusoid_jitter
120.0,9.645061728395061e-08,3200.0,1.0,1.0,5,660,hierarchical_sinusoid_jitter
120.0,9.645061728395061e-08,4500.0,1.0,1.0,5,660,hierarchical_sinusoid_jitter
120.0,9.645061728395061e-08,6500.0,1.0,1.0,5,660,hierarchical_sinusoid_jitter
180.0,6.430041152263375e-08,100.0,0.5784848484848486,0.0,5,660,hierarchical_sinusoid_jitter
180.0,6.430041152263375e-08,200.0,0.5048484848484849,0.4,5,660,hierarchical_sinusoid_jitter
180.0,6.430041152263375e-08,350.0,0.5003030303030302,0.0,5,660,hierarchical_sinusoid_jitter
180.0,6.430041152263375e-08,500.0,0.6439393939393939,0.2,5,660,hierarchical_sinusoid_jitter
180.0,6.430041152263375e-08,750.0,0.44333333333333336,0.0,5,660,hierarchical_sinusoid_jitter
180.0,6.430041152263375e-08,1000.0,0.8157575757575758,0.0,5,660,hierarchical_sinusoid_jitter
180.0,6.430041152263375e-08,1500.0,0.5496969696969697,0.2,5,660,hierarchical_sinusoid_jitter
180.0,6.430041152263375e-08,2200.0,0.9745454545454546,0.8,5,660,hierarchical_sinusoid_jitter
180.0,6.430041152263375e-08,3200.0,0.9915151515151515,1.0,5,660,hierarchical_sinusoid_jitter
180.0,6.430041152263375e-08,4500.0,1.0,1.0,5,660,hierarchical_sinusoid_jitter
180.0,6.430041152263375e-08,6500.0,1.0,1.0,5,660,hierarchical_sinusoid_jitter
240.0,4.8225308641975306e-08,100.0,0.5257575757575759,0.0,5,660,hierarchical_sinusoid_jitter
240.0,4.8225308641975306e-08,200.0,0.5996969696969697,0.0,5,660,hierarchical_sinusoid_jitter
240.0,4.8225308641975306e-08,350.0,0.5684848484848485,0.2,5,660,hierarchical_sinusoid_jitter
240.0,4.8225308641975306e-08,500.0,0.6145454545454545,0.0,5,660,hierarchical_sinusoid_jitter
240.0,4.8225308641975306e-08,750.0,0.6715151515151516,0.2,5,660,hierarchical_sinusoid_jitter
240.0,4.8225308641975306e-08,1000.0,0.6457575757575758,0.0,5,660,hierarchical_sinusoid_jitter
240.0,4.8225308641975306e-08,1500.0,0.6221212121212122,0.0,5,660,hierarchical_sinusoid_jitter
240.0,4.8225308641975306e-08,2200.0,0.9221212121212121,0.6,5,660,hierarchical_sinusoid_jitter
240.0,4.8225308641975306e-08,3200.0,0.9957575757575757,1.0,5,660,hierarchical_sinusoid_jitter
240.0,4.8225308641975306e-08,4500.0,1.0,1.0,5,660,hierarchical_sinusoid_jitter
240.0,4.8225308641975306e-08,6500.0,1.0,1.0,5,660,hierarchical_sinusoid_jitter
365.0,3.1709791983764586e-08,100.0,0.43121212121212127,0.0,5,660,hierarchical_sinusoid_jitter
365.0,3.1709791983764586e-08,200.0,0.41060606060606064,0.0,5,660,hierarchical_sinusoid_jitter
365.0,3.1709791983764586e-08,350.0,0.6872727272727273,0.2,5,660,hierarchical_sinusoid_jitter
365.0,3.1709791983764586e-08,500.0,0.6336363636363636,0.2,5,660,hierarchical_sinusoid_jitter
365.0,3.1709791983764586e-08,750.0,0.49363636363636365,0.0,5,660,hierarchical_sinusoid_jitter
365.0,3.1709791983764586e-08,1000.0,0.5357575757575758,0.2,5,660,hierarchical_sinusoid_jitter
365.0,3.1709791983764586e-08,1500.0,0.9590909090909091,0.8,5,660,hierarchical_sinusoid_jitter
365.0,3.1709791983764586e-08,2200.0,0.9996969696969698,1.0,5,660,hierarchical_sinusoid_jitter
365.0,3.1709791983764586e-08,3200.0,1.0,1.0,5,660,hierarchical_sinusoid_jitter
365.0,3.1709791983764586e-08,4500.0,1.0,1.0,5,660,hierarchical_sinusoid_jitter
365.0,3.1709791983764586e-08,6500.0,1.0,1.0,5,660,hierarchical_sinusoid_jitter
