period_days,frequency_hz,amplitude_hz,detection_rate
7.0,1.6534391534391535e-06,100.0,0.0
7.0,1.6534391534391535e-06,200.0,0.2
7.0,1.6534391534391535e-06,350.0,0.0
7.0,1.6534391534391535e-06,500.0,0.0
7.0,1.6534391534391535e-06,750.0,0.0
7.0,1.6534391534391535e-06,1000.0,0.0
7.0,1.6534391534391535e-06,1500.0,0.2
7.0,1.6534391534391535e-06,2200.0,0.4
7.0,1.6534391534391535e-06,3200.0,1.0
7.0,1.6534391534391535e-06,4500.0,1.0
7.0,1.6534391534391535e-06,6500.0,1.0
10.0,1.1574074074074074e-06,100.0,0.0
10.0,1.1574074074074074e-06,200.0,0.0
10.0,1.1574074074074074e-06,350.0,0.0
10.0,1.1574074074074074e-06,500.0,0.2
10.0,1.1574074074074074e-06,750.0,0.0
10.0,1.1574074074074074e-06,1000.0,0.0
10.0,1.1574074074074074e-06,1500.0,0.6
10.0,1.1574074074074074e-06,2200.0,0.4
10.0,1.1574074074074074e-06,3200.0,0.8
10.0,1.1574074074074074e-06,4500.0,1.0
10.0,1.1574074074074074e-06,6500.0,1.0
14.0,8.267195767195768e-07,100.0,0.0
14.0,8.267195767195768e-07,200.0,0.0
14.0,8.267195767195768e-07,350.0,0.0
14.0,8.267195767195768e-07,500.0,0.4
14.0,8.267195767195768e-07,750.0,0.0
14.0,8.267195767195768e-07,1000.0,0.2
14.0,8.267195767195768e-07,1500.0,0.0
14.0,8.267195767195768e-07,2200.0,0.6
14.0,8.267195767195768e-07,3200.0,1.0
14.0,8.267195767195768e-07,4500.0,1.0
14.0,8.267195767195768e-07,6500.0,1.0
21.0,5.511463844797178e-07,100.0,0.0
21.0,5.511463844797178e-07,200.0,0.4
21.0,5.511463844797178e-07,350.0,0.0
21.0,5.511463844797178e-07,500.0,0.0
21.0,5.511463844797178e-07,750.0,0.2
21.0,5.511463844797178e-07,1000.0,0.2
21.0,5.511463844797178e-07,1500.0,0.2
21.0,5.511463844797178e-07,2200.0,0.4
21.0,5.511463844797178e-07,3200.0,1.0
21.0,5.511463844797178e-07,4500.0,1.0
21.0,5.511463844797178e-07,6500.0,1.0
30.0,3.8580246913580245e-07,100.0,0.0
30.0,3.8580246913580245e-07,200.0,0.0
30.0,3.8580246913580245e-07,350.0,0.0
30.0,3.8580246913580245e-07,500.0,0.0
30.0,3.8580246913580245e-07,750.0,0.0
30.0,3.8580246913580245e-07,1000.0,0.2
30.0,3.8580246913580245e-07,1500.0,0.6
30.0,3.8580246913580245e-07,2200.0,0.8
30.0,3.8580246913580245e-07,3200.0,1.0
30.0,3.8580246913580245e-07,4500.0,1.0
30.0,3.8580246913580245e-07,6500.0,1.0
45.0,2.57201646090535e-07,100.0,0.0
45.0,2.57201646090535e-07,200.0,0.2
45.0,2.57201646090535e-07,350.0,0.0
45.0,2.57201646090535e-07,500.0,0.0
45.0,2.57201646090535e-07,750.0,0.0
45.0,2.57201646090535e-07,1000.0,0.2
45.0,2.57201646090535e-07,1500.0,0.2
45.0,2.57201646090535e-07,2200.0,0.4
45.0,2.57201646090535e-07,3200.0,1.0
45.0,2.57201646090535e-07,4500.0,1.0
45.0,2.57201646090535e-07,6500.0,1.0
60.0,1.9290123456790122e-07,100.0,0.2
60.0,1.9290123456790122e-07,200.0,0.0
60.0,1.9290123456790122e-07,350.0,0.2
60.0,1.9290123456790122e-07,500.0,0.0
60.0,1.9290123456790122e-07,750.0,0.0
60.0,1.9290123456790122e-07,1000.0,0.0
60.0,1.9290123456790122e-07,1500.0,0.2
60.0,1.9290123456790122e-07,2200.0,0.4
60.0,1.9290123456790122e-07,3200.0,0.8
60.0,1.9290123456790122e-07,4500.0,1.0
60.0,1.9290123456790122e-07,6500.0,1.0
90.0,1.286008230452675e-07,100.0,0.0
90.0,1.286008230452675e-07,200.0,0.0
90.0,1.286008230452675e-07,350.0,0.0
90.0,1.286008230452675e-07,500.0,0.0
90.0,1.286008230452675e-07,750.0,0.0
90.0,1.286008230452675e-07,1000.0,0.0
90.0,1.286008230452675e-07,1500.0,0.0
90.0,1.286008230452675e-07,2200.0,0.4
90.0,1.286008230452675e-07,3200.0,1.0
90.0,1.286008230452675e-07,4500.0,1.0
90.0,1.286008230452675e-07,6500.0,1.0
120.0,9.645061728395061e-08,100.0,0.0
120.0,9.645061728395061e-08,200.0,0.0
120.0,9.645061728395061e-08,350.0,0.0
120.0,9.645061728395061e-08,500.0,0.0
120.0,9.645061728395061e-08,750.0,0.0
120.0,9.645061728395061e-08,1000.0,0.2
120.0,9.645061728395061e-08,1500.0,0.2
120.0,9.645061728395061e-08,2200.0,0.8
120.0,9.645061728395061e-08,3200.0,1.0
120.0,9.645061728395061e-08,4500.0,1.0
120.0,9.645061728395061e-08,6500.0,1.0
180.0,6.430041152263375e-08,100.0,0.0
180.0,6.430041152263375e-08,200.0,0.0
180.0,6.430041152263375e-08,350.0,0.0
180.0,6.430041152263375e-08,500.0,0.0
180.0,6.430041152263375e-08,750.0,0.0
180.0,6.430041152263375e-08,1000.0,0.0
180.0,6.430041152263375e-08,1500.0,0.0
180.0,6.430041152263375e-08,2200.0,0.0
180.0,6.430041152263375e-08,3200.0,0.2
180.0,6.430041152263375e-08,4500.0,1.0
180.0,6.430041152263375e-08,6500.0,1.0
240.0,4.8225308641975306e-08,100.0,0.0
240.0,4.8225308641975306e-08,200.0,0.0
240.0,4.8225308641975306e-08,350.0,0.0
240.0,4.8225308641975306e-08,500.0,0.0
240.0,4.8225308641975306e-08,750.0,0.0
240.0,4.8225308641975306e-08,1000.0,0.0
240.0,4.8225308641975306e-08,1500.0,0.4
240.0,4.8225308641975306e-08,2200.0,0.0
240.0,4.8225308641975306e-08,3200.0,0.0
240.0,4.8225308641975306e-08,4500.0,0.4
240.0,4.8225308641975306e-08,6500.0,1.0
365.0,3.1709791983764586e-08,100.0,0.0
365.0,3.1709791983764586e-08,200.0,0.0
365.0,3.1709791983764586e-08,350.0,0.0
365.0,3.1709791983764586e-08,500.0,0.0
365.0,3.1709791983764586e-08,750.0,0.0
365.0,3.1709791983764586e-08,1000.0,0.0
365.0,3.1709791983764586e-08,1500.0,0.0
365.0,3.1709791983764586e-08,2200.0,0.4
365.0,3.1709791983764586e-08,3200.0,0.6
365.0,3.1709791983764586e-08,4500.0,1.0
365.0,3.1709791983764586e-08,6500.0,1.0
