scan_time_raw,correction,laser,fitting_function,sweep_range_khz,linear_baseline_subtraction,peak,target,fwhm_khz,fwhm_unc_khz,amp,amp_unc,baseline,baseline_unc,chisq_red,freq_hz,freq_unc_hz,temp_k,scan_time_utc,time_unix_s,mjd,scan_id,days_since_first_observation,seconds_since_first_observation,folder_name,has_data,has_data_corr,has_fits,has_intensity,n_files,files,selection_reason,canonical_strategy
2024-05-30 04:13:20+00:00,mem,fceo lock,lorentzian,100,none,b,X2,142.64999502608535,23.83542096362484,100.22204589508618,9.183541698556136,433.0788456962976,4.292033952687706,47.44716702376856,2020407298727846.5,11385.972065804945,150.0,2024-05-30 04:13:20+00:00,1717042400.0,60460.17592592593,2024-05-30T04:13:20Z__X2__b,0.0,0.0,2024_05_30_X2_peakb_CT,True,False,True,False,2,"['2024_05_30_X2_peakb_CT_data.pkl', '2024_05_30_X2_peakb_CT_fits.pkl']",mem_fallback_missing_mem_int,mem_int_else_mem_fallback
2024-05-30 07:58:29+00:00,mem,fceo lock,lorentzian,100,none,c,X2,186.48496855081893,39.219124012448646,141.68180637449245,14.121032067836817,438.50759822056057,6.604822393154399,67.05422159014316,2020407446890428.0,7097.368502835745,150.0,2024-05-30 07:58:29+00:00,1717055909.0,60460.332280092596,2024-05-30T07:58:29Z__X2__c,0.15635416666666666,13509.0,2024_05_30_X2_peakc_j1_CT,True,False,True,False,2,"['2024_05_30_X2_peakc_j1_CT_data.pkl', '2024_05_30_X2_peakc_j1_CT_fits.pkl']",mem_fallback_missing_mem_int,mem_int_else_mem_fallback
2024-05-31 01:28:57+00:00,mem,fceo lock,lorentzian,100,none,c,X2,172.17078086791716,11.259210372590475,468.12694230104165,16.95459503330517,470.00000000000006,6.5636676514933034,77.84954038218628,2020407446893890.8,2585.96700302494,150.0,2024-05-31 01:28:57+00:00,1717118937.0,60461.06177083333,2024-05-31T01:28:57Z__X2__c,0.8858449074074074,76537.0,2024_05_30_X2_peakc_CT,True,False,True,False,2,"['2024_05-30_X2_peakc_CT_data.pkl', '2024_05-30_X2_peakc_CT_fits.pkl']",mem_fallback_missing_mem_int,mem_int_else_mem_fallback
2024-05-31 06:06:02+00:00,mem,fceo lock,lorentzian,100,none,b,X2,132.91832295398552,13.924208383167178,699.9999999999999,43.19950370388247,443.86385436464013,14.366652137302504,337.3139267798942,2020407298728327.2,5276.398029673223,150.0,2024-05-31 06:06:02+00:00,1717135562.0,60461.25418981482,2024-05-31T06:06:02Z__X2__b,1.078263888888889,93162.0,2024_05_31_X2_peakb_CT,True,False,True,False,2,"['2024_05_31_X2_peakb_CT_data.pkl', '2024_05_31_X2_peakb_CT_fits.pkl']",mem_fallback_missing_mem_int,mem_int_else_mem_fallback
2024-06-24 21:05:24+00:00,mem int,fceo lock,lorentzian,100,none,b,X2,127.40322122716422,22.06113223948567,699.9999999999974,89.94169214475271,402.6677172093592,12.44159722758833,582.3898197541364,2020407298801948.8,5882.520727372437,293.1,2024-06-24 21:05:24+00:00,1719263124.0,60485.87875,2024-06-24T21:05:24Z__X2__b,25.702824074074073,2220724.0,2024_06_24_X2_peakb_RT,True,False,True,False,2,"['2024_06_24_X2_peakb_RT_data.pkl', '2024_06_24_X2_peakb_RT_fits.pkl']",mem_int_available,mem_int_else_mem_fallback
2024-06-25 20:25:39+00:00,mem int,fceo lock,lorentzian,100,none,b,X2,153.44138145777285,65.29335207017684,509.54046098102293,125.47009122320608,467.00000000000006,39.56178436646885,3021.6878981092545,2020407298733626.8,13510.464407019634,150.51,2024-06-25 20:25:39+00:00,1719347139.0,60486.85114583334,2024-06-25T20:25:39Z__X2__b,26.675219907407406,2304739.0,2024_06_25_X2_peakb_CT,True,False,True,False,2,"['2024_06_25_X2_peakb_CT_data.pkl', '2024_06_25_X2_peakb_CT_fits.pkl']",mem_int_available,mem_int_else_mem_fallback
2024-07-01 17:51:35+00:00,mem int,fceo lock,lorentzian,100,none,c,X2,169.56783990307713,13.843850773837948,332.9970085217814,15.825887390343048,411.00000000000006,7.117523916238717,90.36263548735876,2020407444556345.2,3872.168354172955,293.0,2024-07-01 17:51:35+00:00,1719856295.0,60492.744155092594,2024-07-01T17:51:35Z__X2__c,32.56822916666667,2813895.0,2024_07_01_X2_peakc_RT,True,False,True,False,2,"['2024_07_01_X2_peakc_RT_data.pkl', '2024_07_01_X2_peakc_RT_fits.pkl']",mem_int_available,mem_int_else_mem_fallback
2024-07-05 19:58:34+00:00,mem int,fceo lock,lorentzian,100,none,b,X2,113.21979207615468,10.511865648032826,533.5020357217393,27.52952041447972,442.00000000000995,9.528245031348192,210.99418102007533,2020407298713067.2,4038.8809972706567,229.3,2024-07-05 19:58:34+00:00,1720209514.0,60496.83233796296,2024-07-05T19:58:34Z__X2__b,36.656412037037036,3167114.0,2024_07_05_X2_peakb_DT,True,False,True,False,2,"['2024_07_05_X2_peakb_DT_data.pkl', '2024_07_05_X2_peakb_DT_fits.pkl']",mem_int_available,mem_int_else_mem_fallback
2024-07-06 00:05:31+00:00,mem int,fceo lock,lorentzian,100,none,c,X2,181.5335550168272,26.579771587950425,283.012474078538,24.028794354559853,445.00000000000006,11.58143042685712,213.0113374748744,2020407445667391.5,7165.126442098634,229.3,2024-07-06 00:05:31+00:00,1720224331.0,60497.00383101852,2024-07-06T00:05:31Z__X2__c,36.827905092592594,3181931.0,2024_07_05_X2_peakc_DT,True,False,True,False,2,"['2024_07_05_X2_peakc_DT_data.pkl', '2024_07_05_X2_peakc_DT_fits.pkl']",mem_int_available,mem_int_else_mem_fallback
2024-09-06 21:43:44+00:00,mem int,fceo lock,lorentzian,100,none,c,X2,193.75422237881227,37.584583435915576,446.96473092868496,44.83760573899927,335.3554478269729,24.32127485923527,725.068592744621,2020407444554880.5,8957.400795787027,293.0,2024-09-06 21:43:44+00:00,1725659024.0,60559.90537037037,2024-09-06T21:43:44Z__X2__c,99.72944444444444,8616624.0,2024_09_06_X2_peakc_RT,True,False,True,False,2,"['2024_09_06_X2_peakc_RT_data.pkl', '2024_09_06_X2_peakc_RT_fits.pkl']",mem_int_available,mem_int_else_mem_fallback
2024-09-25 22:39:47+00:00,mem,Menlo lock,lorentzian,100,none,c,X2,308.3162974187039,255.47632349607025,223.09139236756036,108.5603396275176,320.0796195837317,118.66700732277658,2018.191330249893,2020407444614546.5,31999.647460887267,133.74,2024-09-25 22:39:47+00:00,1727303987.0,60578.944293981476,2024-09-25T22:39:47Z__X2__c,118.76836805555556,10261587.0,2024_09_25_X2_peakc_RT,True,False,True,False,2,"['2024_09_25_X2_peakc_RT_data.pkl', '2024_09_25_X2_peakc_RT_fits.pkl']",mem_fallback_missing_mem_int,mem_int_else_mem_fallback
2024-10-17 00:20:42+00:00,mem int,Menlo lock,lorentzian,none,none,c,X2,144.4077271676435,44.37565471708033,493.3868836404056,72.68822164311366,380.00000000000006,29.28904233414351,250.89104505777993,2020407444567620.0,6942.999441221404,292.3,2024-10-17 00:20:42+00:00,1729124442.0,60600.014375,2024-10-17T00:20:42Z__X2__c,139.83844907407408,12082042.0,2024_10_16_X2_peakc_RT,True,False,True,False,2,"['2024_10_16_X2_peakc_RT_data.pkl', '2024_10_16_X2_peakc_RT_fits.pkl']",mem_int_available,mem_int_else_mem_fallback
2024-10-22 17:54:14+00:00,mem int,Menlo lock,lorentzian,none,none,b,X2,108.33376496777475,5.959463766874634,818.5410688150158,28.726561784714168,325.00000000000006,10.175356510851532,140.4021456395406,2020407298789906.8,1808.7726797261505,293.0,2024-10-22 17:54:14+00:00,1729619654.0,60605.745995370366,2024-10-22T17:54:14Z__X2__b,145.57006944444444,12577254.0,2024_10_22_X2_peakb_RT,True,False,True,False,2,"['2024_10_22_X2_peakb_RT_data.pkl', '2024_10_22_X2_peakb_RT_fits.pkl']",mem_int_available,mem_int_else_mem_fallback
2024-10-22 22:16:43+00:00,mem int,Menlo lock,lorentzian,none,none,c,X2,139.5344357392421,21.265758518269234,562.6349309661896,37.85690157107009,364.9999999999999,36.3185760454103,206.31380308851612,2020407444577785.2,3707.6532521199647,293.0,2024-10-22 22:16:43+00:00,1729635403.0,60605.92827546297,2024-10-22T22:16:43Z__X2__c,145.75234953703705,12593003.0,2024_10_22_X2_peakc_RT,True,False,True,False,2,"['2024_10_22_X2_peakc_RT_data.pkl', '2024_10_22_X2_peakc_RT_fits.pkl']",mem_int_available,mem_int_else_mem_fallback
2024-11-01 20:30:51+00:00,mem int,Menlo lock,lorentzian,none,none,b,X2,105.2978752563956,10.897502368237518,482.20948028320487,31.685568971627283,367.1534585027685,15.557980015140371,217.1099144078556,2020407298783733.5,3488.595954050072,291.5,2024-11-01 20:30:51+00:00,1730493051.0,60615.85475694445,2024-11-01T20:30:51Z__X2__b,155.6788310185185,13450651.0,2024_11_01_X2_peakb_RT,True,False,True,False,2,"['2024_11_01_X2_peakb_RT_data.pkl', '2024_11_01_X2_peakb_RT_fits.pkl']",mem_int_available,mem_int_else_mem_fallback
2024-11-01 22:26:27+00:00,mem int,Menlo lock,lorentzian,none,none,c,X2,150.28504482547575,21.555008792243623,268.6373101376833,22.266949330617127,387.16458170714697,12.618425230251368,158.07608404461726,2020407444580906.0,5342.80946344081,291.5,2024-11-01 22:26:27+00:00,1730499987.0,60615.93503472222,2024-11-01T22:26:27Z__X2__c,155.7591087962963,13457587.0,2024_11_01_X2_peakc_RT,True,False,True,False,2,"['2024_11_01_X2_peakc_RT_data.pkl', '2024_11_01_X2_peakc_RT_fits.pkl']",mem_int_available,mem_int_else_mem_fallback
2024-11-05 23:23:14+00:00,mem int,Menlo lock,lorentzian,none,none,c,X2,203.44011585137036,8.607635465515605,271.7277073265416,6.551993669930204,349.30600144599356,3.0962073192471826,19.645615115850248,2020407444567290.0,2194.2804101798583,293.0,2024-11-05 23:23:14+00:00,1730848994.0,60619.97446759259,2024-11-05T23:23:14Z__X2__c,159.79854166666667,13806594.0,2024_11_05_X2_peakc_RT,True,False,True,False,2,"['2024_11_05_X2_peakc_RT_data.pkl', '2024_11_05_X2_peakc_RT_fits.pkl']",mem_int_available,mem_int_else_mem_fallback
2024-11-12 00:21:56+00:00,mem int,Menlo lock,lorentzian,none,none,b,X2,97.51062726734294,4.178367968735833,397.7165226587756,9.249564553760807,339.4474150795326,4.530140343484893,33.144393793873476,2020407298787546.5,1048.1762999915484,290.7,2024-11-12 00:21:56+00:00,1731370916.0,60626.01523148148,2024-11-12T00:21:56Z__X2__b,165.83930555555557,14328516.0,2024_11_11_X2_peakb_RT,True,True,True,False,3,"['2024_11_11_X2_peakb_RT_data.pkl', '2024_11_11_X2_peakb_RT_data_corr.pkl', '2024_11_11_X2_peakb_RT_fits.pkl']",mem_int_available,mem_int_else_mem_fallback
2024-11-19 22:30:02+00:00,mem int,Menlo lock,lorentzian,none,none,b,X2,124.04482843622696,13.393675852273915,265.1653973365344,14.429045722345885,349.0468420086226,9.16498438800564,106.97695592240756,2020407298733964.8,3198.2139731851685,135.0,2024-11-19 22:30:02+00:00,1732055402.0,60633.93752314815,2024-11-19T22:30:02Z__X2__b,173.76159722222224,15013002.0,2024_11_19_X2_peakb_135K,True,False,True,False,2,"['2024_11_19_X2_peakb_135K_data.pkl', '2024_11_19_X2_peakb_135K_fits.pkl']",mem_int_available,mem_int_else_mem_fallback
2024-11-20 22:20:34+00:00,mem int,Menlo lock,lorentzian,none,none,b,X2,110.31312643734051,8.149661860061897,266.99963943845086,10.197834513620023,306.5809881448207,5.808794687894034,54.65594522443446,2020407298788969.5,1978.8631803393837,293.5,2024-11-20 22:20:34+00:00,1732141234.0,60634.93094907407,2024-11-20T22:20:34Z__X2__b,174.75502314814815,15098834.0,2024_11_20_X2_peakb_RT,True,False,True,False,2,"['2024_11_20_X2_peakb_RT_data.pkl', '2024_11_20_X2_peakb_RT_fits.pkl']",mem_int_available,mem_int_else_mem_fallback
2024-11-21 22:53:32+00:00,mem int,Menlo lock,lorentzian,none,none,b,X2,88.57474246220565,7.927091135533938,684.0815473297117,34.71200058476303,355.4907634136858,14.396783689764067,325.01507604955304,2020407298738402.8,2108.6470227772875,133.74,2024-11-21 22:53:32+00:00,1732229612.0,60635.95384259259,2024-11-21T22:53:32Z__X2__b,175.77791666666667,15187212.0,2024_11_21_X2_peakb_134K,True,False,True,False,2,"['2024_11_21_X2_peakb_134K_data.pkl', '2024_11_21_X2_peakb_134K_fits.pkl']",mem_int_available,mem_int_else_mem_fallback
2024-11-26 00:18:01+00:00,mem int,Menlo lock,lorentzian,none,3,b,C13,39.08307096891664,6.454795053161531,48.91649767376106,4.804774303898322,893.1724915289174,1.325455795270566,2.135298574821122,2020407298780630.0,2169.9551337393455,293.9,2024-11-26 00:18:01+00:00,1732580281.0,60640.012511574074,2024-11-26T00:18:01Z__C13__b,179.83658564814814,15537881.0,2024_11_25_C13_peakb_RT,True,True,True,False,3,"['2024_11_25_C13_peakb_RT_data.pkl', '2024_11_25_C13_peakb_RT_data_corr.pkl', '2024_11_25_C13_peakb_RT_fits.pkl']",mem_int_available,mem_int_else_mem_fallback
2024-11-26 22:07:04+00:00,mem int,Menlo lock,lorentzian,none,30,b,C13,41.25568690007649,2.99846324589336,191.172674983122,6.8484417658186905,1060.361650333814,2.4894663575988405,6.153007916250016,2020407298724305.5,743.7289461142798,143.04,2024-11-26 22:07:04+00:00,1732658824.0,60640.92157407408,2024-11-26T22:07:04Z__C13__b,180.74564814814815,15616424.0,2024_11_26_C13_peakb_144K,True,True,True,False,3,"['2024_11_26_C13_peakb_144K_data.pkl', '2024_11_26_C13_peakb_144K_data_corr.pkl', '2024_11_26_C13_peakb_144K_fits.pkl']",mem_int_available,mem_int_else_mem_fallback
2024-11-27 00:39:18+00:00,mem int,Menlo lock,lorentzian,none,none,b,C13,32.79359242303467,3.978772934325968,253.8767786723147,22.083292910646655,1097.2789306168822,2.9897857755390937,8.381976144973688,2020407298727308.8,839.2415801046259,143.04,2024-11-27 00:39:18+00:00,1732667958.0,60641.027291666665,2024-11-27T00:39:18Z__C13__b,180.85136574074073,15625558.0,2024_11_26_C13_peakb_144K_reverse,True,False,True,False,2,"['2024_11_26_C13_peakb_144K_reverse_data.pkl', '2024_11_26_C13_peakb_144K_reverse_fits.pkl']",mem_int_available,mem_int_else_mem_fallback
2024-12-02 22:52:41+00:00,mem int,Menlo lock,lorentzian,none,26,c,C13,61.691191966634,8.451830594787598,67.58748697941314,5.403126744797837,873.184738933915,2.4048505828234115,5.710985371855559,2020407444551890.0,2508.8686493075793,293.8,2024-12-02 22:52:41+00:00,1733179961.0,60646.953252314815,2024-12-02T22:52:41Z__C13__c,186.7773263888889,16137561.0,2024_12_02_C13_peakc_RT,True,True,True,False,3,"['2024_12_02_C13_peakc_RT_data.pkl', '2024_12_02_C13_peakc_RT_data_corr.pkl', '2024_12_02_C13_peakc_RT_fits.pkl']",mem_int_available,mem_int_else_mem_fallback
2024-12-03 22:19:31+00:00,mem int,Menlo lock,lorentzian,none,28,c,C13,45.737568109552114,9.477221648137313,62.17850106632109,7.28485082103139,1031.324648720586,1.9615123422362168,3.3946449245805206,2020407447018784.8,1602.260929573324,142.44,2024-12-03 22:19:31+00:00,1733264371.0,60647.93021990741,2024-12-03T22:19:31Z__C13__c,187.75429398148148,16221971.0,2024_12_03_C13_peakc_143K,True,False,True,False,2,"['2024_12_03_C13_peakc_143K_data.pkl', '2024_12_03_C13_peakc_143K_fits.pkl']",mem_int_available,mem_int_else_mem_fallback
2024-12-06 23:05:04+00:00,mem int,Menlo lock,lorentzian,none,none,c,C13,57.73695533203726,3.98144593983303,95.47870856417327,3.845609565746851,901.2084597018356,1.6085597269861944,2.5527637895026603,2020407444552774.0,1177.5266889183647,293.3,2024-12-06 23:05:04+00:00,1733526304.0,60650.961851851855,2024-12-06T23:05:04Z__C13__c,190.78592592592594,16483904.0,2024_12_06_C13_peakc_RT,True,False,True,False,2,"['2024_12_06_C13_peakc_RT_data.pkl', '2024_12_06_C13_peakc_RT_fits.pkl']",mem_int_available,mem_int_else_mem_fallback
2025-02-12 18:47:44+00:00,mem int,Menlo lock,lorentzian,none,none,c,C10,45.0754791107087,9.945796153311704,21.068481676820372,3.0288517839083107,263.99999999999994,1.6401483756891158,5.335916993408221,2020407444548760.8,2510.672842649145,293.5,2025-02-12 18:47:44+00:00,1739386064.0,60718.78314814815,2025-02-12T18:47:44Z__C10__c,258.6072222222222,22343664.0,2025_02_12_C10_peakc_RT,True,False,True,False,2,"['2025_02_12_C10_peakc_RT_data.pkl', '2025_02_12_C10_peakc_RT_fits.pkl']",mem_int_available,mem_int_else_mem_fallback
2025-02-12 23:10:40+00:00,mem int,Menlo lock,lorentzian,none,none,b,C10,30.052574776350585,5.318715068162073,28.11747976019463,2.601250250645422,266.62371280043925,1.8056517810542476,7.898421562776897,2020407298788796.8,1133.2381122473498,293.5,2025-02-12 23:10:40+00:00,1739401840.0,60718.965740740736,2025-02-12T23:10:40Z__C10__b,258.7898148148148,22359440.0,2025_02_12_C10_peakb_RT,True,False,True,False,2,"['2025_02_12_C10_peakb_RT_data.pkl', '2025_02_12_C10_peakb_RT_fits.pkl']",mem_int_available,mem_int_else_mem_fallback
2025-02-14 19:21:14+00:00,mem int,Menlo lock,lorentzian,none,6,b,C10,17.862632889165546,2.7733350468411215,28.30992914945925,2.3483864426654897,296.16538384816295,1.0593130277571765,4.056208524885157,2020407298724760.0,707.5211130295613,145.0,2025-02-14 19:21:14+00:00,1739560874.0,60720.80641203704,2025-02-14T19:21:14Z__C10__b,260.6304861111111,22518474.0,2025_02_14_C10_peakb_145K,True,True,True,False,3,"['2025_02_14_C10_peakb_145K_data.pkl', '2025_02_14_C10_peakb_145K_data_corr.pkl', '2025_02_14_C10_peakb_145K_fits.pkl']",mem_int_available,mem_int_else_mem_fallback
2025-02-19 20:04:36+00:00,mem int,Menlo lock,lorentzian,none,none,b,C10,34.12130240681381,7.851618034500795,35.463846722703416,3.9262231694658456,290.99999999999994,2.593280951997098,16.04527721440564,2020407298701533.5,1988.1863113533964,195.0,2025-02-19 20:04:36+00:00,1739995476.0,60725.83652777778,2025-02-19T20:04:36Z__C10__b,265.6606018518519,22953076.0,2025_02_19_C10_peakb_195K,True,False,True,False,2,"['2025_02_19_C10_peakb_195K_data.pkl', '2025_02_19_C10_peakb_195K_fits.pkl']",mem_int_available,mem_int_else_mem_fallback
2025-02-25 06:32:15+00:00,mem int,Menlo lock,lorentzian,none,none,b,C10,33.020297131646664,3.600469591869327,42.28844883156491,2.1069257836882342,303.8758173512282,1.4081365689799457,4.619048507458212,2020407298706596.0,834.3466879394875,175.0,2025-02-25 06:32:15+00:00,1740465135.0,60731.27239583334,2025-02-25T06:32:15Z__C10__b,271.0964699074074,23422735.0,2025_02_24_C10_peakb_175K,True,True,True,False,3,"['2025_02_24_C10_peakb_175K_data.pkl', '2025_02_24_C10_peakb_175K_data_corr.pkl', '2025_02_24_C10_peakb_175K_fits.pkl']",mem_int_available,mem_int_else_mem_fallback
2025-02-26 23:05:58+00:00,mem int,Menlo lock,lorentzian,none,none,b,C10,24.882572400382102,3.4676520593889792,39.215694577501814,2.6698661738349347,297.8258163301806,1.4611230829207076,6.904946500086899,2020407298706991.2,890.1849538330699,215.0,2025-02-26 23:05:58+00:00,1740611158.0,60732.962476851855,2025-02-26T23:05:58Z__C10__b,272.78655092592595,23568758.0,2025_02_26_C10_peakb_215K,True,True,True,False,3,"['2025_02_26_C10_peakb_215K_data.pkl', '2025_02_26_C10_peakb_215K_data_corr.pkl', '2025_02_26_C10_peakb_215K_fits.pkl']",mem_int_available,mem_int_else_mem_fallback
2025-02-28 22:29:31+00:00,mem int,Menlo lock,lorentzian,none,none,b,C10,31.124035365606723,8.694208866920226,30.500578936970683,4.284085275625791,290.99999999999994,2.2563805505040944,13.031521206363042,2020407298721696.5,2180.097784875675,250.0,2025-02-28 22:29:31+00:00,1740781771.0,60734.93716435185,2025-02-28T22:29:31Z__C10__b,274.7612384259259,23739371.0,2025_02_28_C10_peakb_250K,True,False,True,False,2,"['2025_02_28_C10_peakb_250K_data.pkl', '2025_02_28_C10_peakb_250K_fits.pkl']",mem_int_available,mem_int_else_mem_fallback
2025-03-03 21:55:12+00:00,mem int,Menlo lock,lorentzian,none,none,b,C10,33.2049006850097,3.8970272331338296,47.06722820710181,2.6001740204449866,291.64892855549937,1.6901345250198083,9.931034244371173,2020407298748546.0,1034.7342603198276,270.0,2025-03-03 21:55:12+00:00,1741038912.0,60737.91333333333,2025-03-03T21:55:12Z__C10__b,277.73740740740743,23996512.0,2025_03_03_C10_peakb_270K,True,False,True,False,2,"['2025_03_03_C10_peakb_270K_data.pkl', '2025_03_03_C10_peakb_270K_fits.pkl']",mem_int_available,mem_int_else_mem_fallback
2025-03-04 23:29:17+00:00,mem int,Menlo lock,lorentzian,none,none,b,C10,27.534222883751102,4.705884593409516,49.37987320592264,3.8332151375709143,318.5490485844769,2.564629187359652,17.002912770699222,2020407298703080.8,1204.7583338855625,200.0,2025-03-04 23:29:17+00:00,1741130957.0,60738.97866898148,2025-03-04T23:29:17Z__C10__b,278.80274305555554,24088557.0,2025_03_04_C10_peakb_200K,True,False,True,False,2,"['2025_03_04_C10_peakb_200K_data.pkl', '2025_03_04_C10_peakb_200K_fits.pkl']",mem_int_available,mem_int_else_mem_fallback
2025-03-12 02:14:16+00:00,mem int,Menlo lock,lorentzian,none,12,c,C10,42.36702461854132,4.848529586723885,21.1064763659709,0.9751796000968346,325.7382914384757,0.80583441030976,1.129415924781933,2020407446311256.5,975.1686561797484,190.0,2025-03-12 02:14:16+00:00,1741745656.0,60746.09324074074,2025-03-12T02:14:16Z__C10__c,285.9173148148148,24703256.0,2025_03_11_C10_peakc_190K,True,True,True,False,3,"['2025_03_11_C10_peakc_190K_data.pkl', '2025_03_11_C10_peakc_190K_data_corr.pkl', '2025_03_11_C10_peakc_190K_fits.pkl']",mem_int_available,mem_int_else_mem_fallback
2025-03-12 21:45:56+00:00,mem int,Menlo lock,lorentzian,none,none,c,C10,62.07679689268302,15.624252307112132,24.84732393079001,3.1099352264387776,332.99999999999994,2.474564233036452,9.07187561888035,2020407446154743.2,3634.2585146617594,200.0,2025-03-12 21:45:56+00:00,1741815956.0,60746.90689814815,2025-03-12T21:45:56Z__C10__c,286.73097222222225,24773556.0,2025_03_12_C10_peakc_200K,True,False,True,False,2,"['2025_03_12_C10_peakc_200K_data.pkl', '2025_03_12_C10_peakc_200K_fits.pkl']",mem_int_available,mem_int_else_mem_fallback
2025-03-17 23:03:52+00:00,mem int,Menlo lock,lorentzian,none,7.0,b,C10,29.49875843420423,4.184855543803586,32.36728490435545,2.6299371152458813,325.63291742384956,1.2096226805557255,2.625520450036569,2020407298699879.5,1932.5393356093157,195.0,2025-03-17 23:03:52+00:00,1742252632.0,60751.961018518516,2025-03-17T23:03:52Z__C10__b,291.7850925925926,25210232.0,2025_03_17_C10_peakb_195K,True,False,True,False,2,"['2025_03_17_C10_peakb_195K_data.pkl', '2025_03_17_C10_peakb_195K_fits.pkl']",mem_int_available,mem_int_else_mem_fallback
2025-03-21 20:37:01+00:00,mem int,Menlo lock,lorentzian,none,5.0,b,C10,34.29571633966903,4.714687533479608,29.95549957445436,1.8662651354812456,325.44623217837096,1.1118734625846058,3.895292467147449,2020407298702644.0,1140.981221495004,195.0,2025-03-21 20:37:01+00:00,1742589421.0,60755.85903935185,2025-03-21T20:37:01Z__C10__b,295.6831134259259,25547021.0,2025_03_21_C10_peakb_195K,True,True,True,False,3,"['2025_03_21_C10_peakb_195K_data.pkl', '2025_03_21_C10_peakb_195K_data_corr.pkl', '2025_03_21_C10_peakb_195K_fits.pkl']",mem_int_available,mem_int_else_mem_fallback
2025-03-25 23:44:55+00:00,mem int,Menlo lock,lorentzian,none,8.0,b,C10,40.90810463490582,4.615885550509638,37.59861322333311,2.453254381001525,340.3854291260012,1.821000147739387,4.485475386481088,2020407298716242.0,1148.5624741078818,153.0,2025-03-25 23:44:55+00:00,1742946295.0,60759.98952546297,2025-03-25T23:44:55Z__C10__b,299.813599537037,25903895.0,2025_03_25_C10_peakb_153K,True,True,True,False,3,"['2025_03_25_C10_peakb_153K_data.pkl', '2025_03_25_C10_peakb_153K_data_corr.pkl', '2025_03_25_C10_peakb_153K_fits.pkl']",mem_int_available,mem_int_else_mem_fallback
2025-04-03 18:21:47+00:00,mem int,Menlo lock,lorentzian,none,12.0,b,C10,24.458010328296957,2.8333413299098966,34.95563292960762,2.0657181438406123,333.62923907797835,1.363737686488982,4.423790598825537,2020407298701073.2,718.9097533728351,195.0,2025-04-03 18:21:47+00:00,1743704507.0,60768.765127314815,2025-04-03T18:21:47Z__C10__b,308.5892013888889,26662107.0,2025_04_03_C10_peakb_195K,True,True,True,False,3,"['2025_04_03_C10_peakb_195K_data.pkl', '2025_04_03_C10_peakb_195K_data_corr.pkl', '2025_04_03_C10_peakb_195K_fits.pkl']",mem_int_available,mem_int_else_mem_fallback
2025-04-14 19:23:32+00:00,mem int,Menlo lock,lorentzian,none,none,b,C10,36.65292428798693,6.641768728228994,25.321925429274053,2.105203662921054,283.3099269591588,1.7656147310493089,5.395081251215378,2020407298788227.5,1532.5627147765322,293.9,2025-04-14 19:23:32+00:00,1744658612.0,60779.80800925926,2025-04-14T19:23:32Z__C10__b,319.63208333333336,27616212.0,2025_04_14_C10_peakb_RT,True,True,True,False,3,"['2025_04_14_C10_peakb_RT_data.pkl', '2025_04_14_C10_peakb_RT_data_corr.pkl', '2025_04_14_C10_peakb_RT_fits.pkl']",mem_int_available,mem_int_else_mem_fallback
2025-04-18 21:58:47+00:00,mem int,Menlo lock,lorentzian,none,none,b,C10,44.665263868773486,6.933948468098431,27.607623840291858,2.380049371214602,342.3202206115868,1.8608381988421716,4.190969693021854,2020407298701415.2,1511.747220360914,195.0,2025-04-18 21:58:47+00:00,1745013527.0,60783.91582175926,2025-04-18T21:58:47Z__C10__b,323.7398958333333,27971127.0,2025_04_18_C10_peakb_195K,True,True,True,False,3,"['2025_04_18_C10_peakb_195K_data.pkl', '2025_04_18_C10_peakb_195K_data_corr.pkl', '2025_04_18_C10_peakb_195K_fits.pkl']",mem_int_available,mem_int_else_mem_fallback
2025-04-21 22:13:42+00:00,mem int,Menlo lock,lorentzian,none,none,b,C10,33.99290981079889,8.085494938394218,18.70684882453271,2.422134012387042,300.23604844727055,1.656186407876696,4.817189921407309,2020407298784763.2,1894.042498596264,293.7,2025-04-21 22:13:42+00:00,1745273622.0,60786.92618055556,2025-04-21T22:13:42Z__C10__b,326.75025462962964,28231222.0,2025_04_21_C10_peakb_RT,True,True,True,False,3,"['2025_04_21_C10_peakb_RT_data.pkl', '2025_04_21_C10_peakb_RT_data_corr.pkl', '2025_04_21_C10_peakb_RT_fits.pkl']",mem_int_available,mem_int_else_mem_fallback
2025-05-21 00:56:44+00:00,mem int,Menlo lock,lorentzian,none,none,b,C13,44.53166315699951,7.310119292686767,61.339236162417066,5.292870790189351,893.4871795750553,3.695924526567016,7.864756346892999,2020407298783831.2,1671.8451683939777,293.0,2025-05-21 00:56:44+00:00,1747789004.0,60816.03939814815,2025-05-21T00:56:44Z__C13__b,355.86347222222224,30746604.0,2025_05_20_C13_peakb_RT,True,True,True,False,3,"['2025_05_20_C13_peakb_RT_data.pkl', '2025_05_20_C13_peakb_RT_data_corr.pkl', '2025_05_20_C13_peakb_RT_fits.pkl']",mem_int_available,mem_int_else_mem_fallback
2025-05-21 22:35:20+00:00,mem int,Menlo lock,lorentzian,none,6,b,C13,39.76866574805731,4.019219657619942,97.69877233797796,5.18649663576549,1054.3008630895615,3.2452045855138087,6.1047131702569155,2020407298700931.2,955.276945348038,195.0,2025-05-21 22:35:20+00:00,1747866920.0,60816.941203703704,2025-05-21T22:35:20Z__C13__b,356.7652777777778,30824520.0,2025_05_21_C13_peakb_195K,True,True,True,False,3,"['2025_05_21_C13_peakb_195K_data.pkl', '2025_05_21_C13_peakb_195K_data_corr.pkl', '2025_05_21_C13_peakb_195K_fits.pkl']",mem_int_available,mem_int_else_mem_fallback
2025-05-23 20:45:20+00:00,mem int,Menlo lock,lorentzian,none,none,b,X2,110.12628323261728,4.190435332090491,92.31321505011026,1.924877784126348,125.0,1.201604043621204,5.102276300593306,2020407298785314.5,988.782727212488,293.0,2025-05-23 20:45:20+00:00,1748033120.0,60818.86481481481,2025-05-23T20:45:20Z__X2__b,358.68888888888887,30990720.0,2025_05_23_X2_peakb_RT,True,True,True,False,3,"['2025_05_23_X2_peakb_RT_data.pkl', '2025_05_23_X2_peakb_RT_data_corr.pkl', '2025_05_23_X2_peakb_RT_fits.pkl']",mem_int_available,mem_int_else_mem_fallback
2025-05-27 20:54:22+00:00,mem int,Menlo lock,lorentzian,none,none,b,X2,89.04279637070178,2.884789681353655,90.3297433019224,1.6266710334530654,138.90073694854445,0.860467480892872,3.0252299708994497,2020407298708342.8,714.1286308592063,195.0,2025-05-27 20:54:22+00:00,1748379262.0,60822.871087962965,2025-05-27T20:54:22Z__X2__b,362.69516203703705,31336862.0,2025_05_27_X2_peakb_195K,True,True,True,False,3,"['2025_05_27_X2_peakb_195K_data.pkl', '2025_05_27_X2_peakb_195K_data_corr.pkl', '2025_05_27_X2_peakb_195K_fits.pkl']",mem_int_available,mem_int_else_mem_fallback
2025-05-28 20:51:43+00:00,mem int,Menlo lock,lorentzian,none,none,b,X2,87.46428220631924,5.0306349861854285,86.49432777702637,2.759277047576295,144.24574436125454,1.44957655110544,8.49362927666841,2020407298711024.8,1249.0910656041897,195.0,2025-05-28 20:51:43+00:00,1748465503.0,60823.86924768519,2025-05-28T20:51:43Z__X2__b,363.6933217592593,31423103.0,2025_05_28_X2_peakb_195K,True,True,True,False,3,"['2025_05_28_X2_peakb_195K_data.pkl', '2025_05_28_X2_peakb_195K_data_corr.pkl', '2025_05_28_X2_peakb_195K_fits.pkl']",mem_int_available,mem_int_else_mem_fallback
2025-05-28 23:11:16+00:00,mem int,Menlo lock,lorentzian,none,none,c,X2,159.29986931061663,11.021616958594604,36.83559920459025,1.3704023355213146,142.68883637352383,0.7219242133136622,2.38929810305277,2020407446206444.0,2699.9846119570416,195.0,2025-05-28 23:11:16+00:00,1748473876.0,60823.96615740741,2025-05-28T23:11:16Z__X2__c,363.7902314814815,31431476.0,2025_05_28_X2_peakc_195K,True,True,True,False,3,"['2025_05_28_X2_peakc_195K_data.pkl', '2025_05_28_X2_peakc_195K_data_corr.pkl', '2025_05_28_X2_peakc_195K_fits.pkl']",mem_int_available,mem_int_else_mem_fallback
2025-06-03 20:47:46+00:00,mem int,Menlo lock,lorentzian,none,none,b,X2,109.3857085719664,10.300712964396888,135.6084038229485,7.069716279434418,143.2563389171668,4.174713407345493,54.85051756051825,2020407298715102.5,2450.583833478595,215.0,2025-06-03 20:47:46+00:00,1748983666.0,60829.86650462963,2025-06-03T20:47:46Z__X2__b,369.6905787037037,31941266.0,2025_06_03_X2_peakb_215K,True,True,True,False,3,"['2025_06_03_X2_peakb_215K_data.pkl', '2025_06_03_X2_peakb_215K_data_corr.pkl', '2025_06_03_X2_peakb_215K_fits.pkl']",mem_int_available,mem_int_else_mem_fallback
2025-06-04 00:45:04+00:00,mem int,Menlo lock,lorentzian,none,none,b,X2,92.2011058445626,2.9000416169495855,162.3473882093621,2.9424933860692137,139.62900098775162,1.451099249219177,8.193744741385443,2020407298733014.8,746.8181978732053,245.0,2025-06-04 00:45:04+00:00,1748997904.0,60830.03129629629,2025-06-04T00:45:04Z__X2__b,369.8553703703704,31955504.0,2025_06_03_X2_peakb_245K,True,True,True,False,3,"['2025_06_03_X2_peakb_245K_data.pkl', '2025_06_03_X2_peakb_245K_data_corr.pkl', '2025_06_03_X2_peakb_245K_fits.pkl']",mem_int_available,mem_int_else_mem_fallback
2025-06-04 19:59:15+00:00,mem int,Menlo lock,lorentzian,none,none,b,X2,83.4563580006198,1.8847066392748095,168.84024576433896,2.225491571400234,149.95812149735963,1.0271538101137343,4.092085329118259,2020407298714237.2,490.55143134825,170.0,2025-06-04 19:59:15+00:00,1749067155.0,60830.8328125,2025-06-04T19:59:15Z__X2__b,370.65688657407406,32024755.0,2025_06_04_X2_peakb_170K,True,True,True,False,3,"['2025_06_04_X2_peakb_170K_data.pkl', '2025_06_04_X2_peakb_170K_data_corr.pkl', '2025_06_04_X2_peakb_170K_fits.pkl']",mem_int_available,mem_int_else_mem_fallback
2025-06-04 23:29:25+00:00,mem int,Menlo lock,lorentzian,none,none,b,X2,116.21008958782107,6.452720024559744,99.5042790543803,2.984528153248287,149.55200830529978,1.9738328749081548,10.808980428125547,2020407298729178.8,1485.8067104536776,145.0,2025-06-04 23:29:25+00:00,1749079765.0,60830.97876157408,2025-06-04T23:29:25Z__X2__b,370.8028356481482,32037365.0,2025_06_04_X2_peakb_145K,True,True,True,False,3,"['2025_06_04_X2_peakb_145K_data.pkl', '2025_06_04_X2_peakb_145K_data_corr.pkl', '2025_06_04_X2_peakb_145K_fits.pkl']",mem_int_available,mem_int_else_mem_fallback
2025-06-05 21:23:48+00:00,mem int,Menlo lock,lorentzian,none,none,b,X2,100.64488994363651,8.480215806022482,162.73821206569284,7.810233143512526,141.99310115473946,4.209971031447628,59.76844585732746,2020407298764840.0,2095.512293950223,275.0,2025-06-05 21:23:48+00:00,1749158628.0,60831.89152777778,2025-06-05T21:23:48Z__X2__b,371.71560185185183,32116228.0,2025_06_05_X2_peakb_275K,True,True,True,False,3,"['2025_06_05_X2_peakb_275K_data.pkl', '2025_06_05_X2_peakb_275K_data_corr.pkl', '2025_06_05_X2_peakb_275K_fits.pkl']",mem_int_available,mem_int_else_mem_fallback
2025-06-06 01:05:40+00:00,mem int,Menlo lock,lorentzian,none,none,b,X2,105.60391449155102,5.918116279790788,134.12216296848723,4.174898490077684,152.32872949532222,2.4593907331589335,18.17816015346231,2020407298706076.8,1423.132315198966,195.0,2025-06-06 01:05:40+00:00,1749171940.0,60832.04560185185,2025-06-06T01:05:40Z__X2__b,371.86967592592595,32129540.0,2025_06_05_X2_peakb_195K,True,True,True,False,3,"['2025_06_05_X2_peakb_195K_data.pkl', '2025_06_05_X2_peakb_195K_data_corr.pkl', '2025_06_05_X2_peakb_195K_fits.pkl']",mem_int_available,mem_int_else_mem_fallback
2025-06-06 20:06:35+00:00,mem int,Menlo lock,lorentzian,none,none,b,X2,100.46653413543277,5.871583297823789,90.08441661433125,2.9039197308701556,142.35073314454038,1.7180088893740078,10.253464967609537,2020407298702061.2,1428.2344384723178,195.0,2025-06-06 20:06:35+00:00,1749240395.0,60832.837905092594,2025-06-06T20:06:35Z__X2__b,372.66197916666664,32197995.0,2025_06_06_X2_peakb_195K,True,True,True,False,3,"['2025_06_06_X2_peakb_195K_data.pkl', '2025_06_06_X2_peakb_195K_data_corr.pkl', '2025_06_06_X2_peakb_195K_fits.pkl']",mem_int_available,mem_int_else_mem_fallback
2025-06-06 23:10:02+00:00,mem int,Menlo lock,lorentzian,none,none,b,X2,108.02405226507156,6.633769732686871,157.68350544631306,5.412716941365223,144.34433873527178,3.15010479939646,30.01151121229052,2020407298700047.5,1593.913194275788,195.0,2025-06-06 23:10:02+00:00,1749251402.0,60832.96530092593,2025-06-06T23:10:02Z__X2__b,372.789375,32209002.0,2025_06_06_X2_peakb_195K_2,True,True,True,False,3,"['2025_06_06_X2_peakb_195K_2_data.pkl', '2025_06_06_X2_peakb_195K_2_data_corr.pkl', '2025_06_06_X2_peakb_195K_2_fits.pkl']",mem_int_available,mem_int_else_mem_fallback
2025-06-09 22:08:01+00:00,mem int,Menlo lock,lorentzian,none,none,b,X2,85.43211091020898,4.571024738784753,296.7435558273938,9.77921003174967,135.00000000000009,4.037326948653308,63.68362683067251,2020407298704045.5,1245.0665556326217,195.0,2025-06-09 22:08:01+00:00,1749506881.0,60835.9222337963,2025-06-09T22:08:01Z__X2__b,375.74630787037034,32464481.0,2025_06_09_X2_peakb_195K,True,True,True,False,3,"['2025_06_09_X2_peakb_195K_data.pkl', '2025_06_09_X2_peakb_195K_data_corr.pkl', '2025_06_09_X2_peakb_195K_fits.pkl']",mem_int_available,mem_int_else_mem_fallback
2025-06-10 19:34:58+00:00,mem int,Menlo lock,lorentzian,none,none,b,X2,84.16157492420733,5.516652060914604,169.9738747725495,6.6163119669517405,139.9782360272749,3.0250126224038065,37.90114377362571,2020407298705832.8,1466.7739951706874,210.0,2025-06-10 19:34:58+00:00,1749584098.0,60836.81594907407,2025-06-10T19:34:58Z__X2__b,376.64002314814815,32541698.0,2025_06_10_X2_peakb_210K,True,True,True,False,3,"['2025_06_10_X2_peakb_210K_data.pkl', '2025_06_10_X2_peakb_210K_data_corr.pkl', '2025_06_10_X2_peakb_210K_fits.pkl']",mem_int_available,mem_int_else_mem_fallback
2025-06-10 22:57:58+00:00,mem int,Menlo lock,lorentzian,none,none,b,X2,93.95727047399735,2.249691029384037,181.32910222119312,2.518267245289315,140.40205269301362,1.260406632591574,5.725617100790055,2020407298708090.5,572.8554110752181,180.0,2025-06-10 22:57:58+00:00,1749596278.0,60836.956921296296,2025-06-10T22:57:58Z__X2__b,376.78099537037036,32553878.0,2025_06_10_X2_peakb_180K,True,True,True,False,3,"['2025_06_10_X2_peakb_180K_data.pkl', '2025_06_10_X2_peakb_180K_data_corr.pkl', '2025_06_10_X2_peakb_180K_fits.pkl']",mem_int_available,mem_int_else_mem_fallback
2025-06-11 22:56:45+00:00,mem int,Menlo lock,lorentzian,none,24,b,C13,37.75521430819682,2.126248833191862,91.43120600033834,2.8017132905394093,1069.7471721255745,1.69323332549929,1.6579668260720903,2020407298700804.0,520.3001457142449,195.0,2025-06-11 22:56:45+00:00,1749682605.0,60837.95607638889,2025-06-11T22:56:45Z__C13__b,377.780150462963,32640205.0,2025_06_11_C13_peakb_195K,True,True,True,False,3,"['2025_06_11_C13_peakb_195K_data.pkl', '2025_06_11_C13_peakb_195K_data_corr.pkl', '2025_06_11_C13_peakb_195K_fits.pkl']",mem_int_available,mem_int_else_mem_fallback
2025-06-12 20:13:43+00:00,mem int,Menlo lock,lorentzian,none,14,b,C13,43.50501827583017,4.613765870948994,66.8589410248888,3.864425944315725,1101.8658272481823,2.5732148562325996,3.3040552086629393,2020407298701384.8,1094.827576478809,195.0,2025-06-12 20:13:43+00:00,1749759223.0,60838.8428587963,2025-06-12T20:13:43Z__C13__b,378.6669328703704,32716823.0,2025_06_12_C13_peakb_195K,True,True,True,False,3,"['2025_06_12_C13_peakb_195K_data.pkl', '2025_06_12_C13_peakb_195K_data_corr.pkl', '2025_06_12_C13_peakb_195K_fits.pkl']",mem_int_available,mem_int_else_mem_fallback
2025-06-13 00:23:58+00:00,mem int,Menlo lock,lorentzian,none,25,b,C13,31.104171775578852,2.1681721440434547,75.50794586969708,2.9814791441212525,1059.5133756663215,1.5446468308598384,1.747327442707426,2020407298736787.5,591.6949562223235,260.0,2025-06-13 00:23:58+00:00,1749774238.0,60839.016643518524,2025-06-13T00:23:58Z__C13__b,378.84071759259257,32731838.0,2025_06_12_C13_peakb_260K,True,True,True,False,3,"['2025_06_12_C13_peakb_260K_data.pkl', '2025_06_12_C13_peakb_260K_data_corr.pkl', '2025_06_12_C13_peakb_260K_fits.pkl']",mem_int_available,mem_int_else_mem_fallback
2025-06-27 22:38:00+00:00,mem int,Menlo lock,lorentzian,none,none,b,X2,145.40948525776304,8.750982769921746,53.061428972901474,1.7250755732618637,107.66624585964205,1.3100865919710063,5.685698186258301,2020407298709535.5,1887.140629454956,195.0,2025-06-27 22:38:00+00:00,1751063880.0,60853.94305555556,2025-06-27T22:38:00Z__X2__b,393.7671296296296,34021480.0,2025_06_27_X2_peakb_195K,True,True,True,False,3,"['2025_06_27_X2_peakb_195K_data.pkl', '2025_06_27_X2_peakb_195K_data_corr.pkl', '2025_06_27_X2_peakb_195K_fits.pkl']",mem_int_available,mem_int_else_mem_fallback
2025-07-10 19:32:48+00:00,mem int,Menlo lock,lorentzian,none,none,b,X2,119.76635453684024,7.064227634186879,65.52759179876088,2.1234054832695097,125.04096781753462,1.416842139958041,7.054775063130223,2020407298703706.0,1639.8802236491038,195.0,2025-07-10 19:32:48+00:00,1752175968.0,60866.81444444445,2025-07-10T19:32:48Z__X2__b,406.63851851851854,35133568.0,2025_07_10_X2_peakb_195K,True,True,True,False,3,"['2025_07_10_X2_peakb_195K_data.pkl', '2025_07_10_X2_peakb_195K_data_corr.pkl', '2025_07_10_X2_peakb_195K_fits.pkl']",mem_int_available,mem_int_else_mem_fallback
2025-07-14 22:31:36+00:00,mem int,Menlo lock,lorentzian,none,none,b,X2,108.7739830143863,3.6993963696012218,104.0692452082078,1.9792817841394743,127.77850617594672,1.1717753480250506,5.098002265615012,2020407298709390.5,895.1357893994434,195.0,2025-07-14 22:31:36+00:00,1752532296.0,60870.93861111111,2025-07-14T22:31:36Z__X2__b,410.7626851851852,35489896.0,2025_07_14_X2_peakb_195K,True,True,True,False,3,"['2025_07_14_X2_peakb_195K_data.pkl', '2025_07_14_X2_peakb_195K_data_corr.pkl', '2025_07_14_X2_peakb_195K_fits.pkl']",mem_int_available,mem_int_else_mem_fallback
2025-07-17 22:58:38+00:00,mem int,Menlo lock,lorentzian,none,none,b,C13,39.73162264100682,4.275385456769441,105.36179672180302,5.055157651693179,807.6527089393328,2.914108019540707,2.5076047083423716,2020407298702152.8,1056.6313816833483,195.0,2025-07-17 22:58:38+00:00,1752793118.0,60873.95738425926,2025-07-17T22:58:38Z__C13__b,413.7814583333333,35750718.0,2025_07_17_C13_peakb_195K,True,True,True,False,3,"['2025_07_17_C13_peakb_195K_data.pkl', '2025_07_17_C13_peakb_195K_data_corr.pkl', '2025_07_17_C13_peakb_195K_fits.pkl']",mem_int_available,mem_int_else_mem_fallback
2025-08-01 21:57:38+00:00,mem int,Menlo lock,lorentzian,none,none,b,C13,48.496461718290895,4.320846844732885,84.9875509925968,4.271138186057897,929.9867225975772,2.9237163194985434,4.857803912874035,2020407298719914.8,1028.2173145902873,150.0,2025-08-01 21:57:38+00:00,1754085458.0,60888.91502314815,2025-08-01T21:57:38Z__C13__b,428.7390972222222,37043058.0,2025_08_01_C13_peakb_150K,True,True,True,False,3,"['2025_08_01_C13_peakb_150K_data.pkl', '2025_08_01_C13_peakb_150K_data_corr.pkl', '2025_08_01_C13_peakb_150K_fits.pkl']",mem_int_available,mem_int_else_mem_fallback
2025-09-25 22:06:47+00:00,mem int,Menlo lock,lorentzian,none,none,c,C13,74.69287364413205,14.54376828988617,24.05916875138705,2.7085003411308777,787.7632727473754,2.3026348996662325,2.6202735248190003,2020407446217471.5,2968.8155340787835,195.0,2025-09-25 22:06:47+00:00,1758838007.0,60943.921377314815,2025-09-25T22:06:47Z__C13__c,483.7454513888889,41795607.0,2025_09_25_C13_peakc_195K,True,True,True,True,4,"['2025_09_25_C13_peakc_195K_data.pkl', '2025_09_25_C13_peakc_195K_data_corr.pkl', '2025_09_25_C13_peakc_195K_fits.pkl', '2025_09_25_C13_peakc_195K_intensity.pkl']",mem_int_available,mem_int_else_mem_fallback
2025-09-26 22:49:25+00:00,mem int,Menlo lock,lorentzian,none,none,b,C13,44.18929490370315,6.1717821118302245,28.328318402849906,2.207954437552061,805.6752179794656,1.5116852464615975,1.431613156462836,2020407298701436.0,1726.3040268211976,195.0,2025-09-26 22:49:25+00:00,1758926965.0,60944.9509837963,2025-09-26T22:49:25Z__C13__b,484.77505787037035,41884565.0,2025_09_26_C13_peakb_195K,True,True,True,False,3,"['2025_09_26_C13_peakb_195K_data.pkl', '2025_09_26_C13_peakb_195K_data_corr.pkl', '2025_09_26_C13_peakb_195K_fits.pkl']",mem_int_available,mem_int_else_mem_fallback
2025-09-29 21:41:00+00:00,mem int,Menlo lock,lorentzian,none,none,b,C13,44.00022320817507,7.099334593430652,40.414055610979915,3.4924961346288805,830.8913894700521,2.233151664187612,3.827839283765344,2020407298700661.2,1701.3430101561808,195.0,2025-09-29 21:41:00+00:00,1759182060.0,60947.90347222222,2025-09-29T21:41:00Z__C13__b,487.7275462962963,42139660.0,2025_09_29_C13_peakb_195K,True,True,True,True,4,"['2025_09_29_C13_peakb_195K_data.pkl', '2025_09_29_C13_peakb_195K_data_corr.pkl', '2025_09_29_C13_peakb_195K_fits.pkl', '2025_09_29_C13_peakb_195K_intensity.pkl']",mem_int_available,mem_int_else_mem_fallback
