instance_id,family,split,label,slope_abs_hz_per_day,slope_hz_per_day,repeat_index,noise_seed,score_linear_drift,pred_slope_hz_per_day
linear_drift_s00_r00_y0,slow_linear_drift,train,0,0.5,0.0,0,279057,0.2900513113022427,1.4567613271509503
linear_drift_s00_r00_y1,slow_linear_drift,train,1,0.5,0.5,0,1279057,0.8411402977536255,2.4807626064620716
linear_drift_s00_r01_y0,slow_linear_drift,train,0,0.5,0.0,1,279058,0.49669834308645733,1.906326752838316
linear_drift_s00_r01_y1,slow_linear_drift,train,1,0.5,-0.5,1,1279058,0.01753177719442789,-0.3581491777315474
linear_drift_s00_r02_y0,slow_linear_drift,train,0,0.5,0.0,2,279059,0.005452301355575173,0.1997289012947306
linear_drift_s00_r02_y1,slow_linear_drift,train,1,0.5,0.5,2,1279059,0.003669786315356305,0.1638594057335134
linear_drift_s00_r03_y0,slow_linear_drift,train,0,0.5,0.0,3,279060,0.015781498463979915,0.33980135453435206
linear_drift_s00_r03_y1,slow_linear_drift,train,1,0.5,-0.5,3,1279060,1.8221978869288051,3.6513104189076775
linear_drift_s00_r04_y0,slow_linear_drift,train,0,0.5,0.0,4,279061,0.009294935985728614,0.2607799445316336
linear_drift_s00_r04_y1,slow_linear_drift,train,1,0.5,0.5,4,1279061,0.8924899569815068,2.5553633162039526
linear_drift_s00_r05_y0,slow_linear_drift,train,0,0.5,0.0,5,279062,1.5936107309387708,-3.4146178776964393
linear_drift_s00_r05_y1,slow_linear_drift,train,1,0.5,-0.5,5,1279062,0.0001219830609784367,0.029874507238830627
linear_drift_s00_r06_y0,slow_linear_drift,train,0,0.5,0.0,6,279063,0.1705919250544028,1.1171981865433431
linear_drift_s00_r06_y1,slow_linear_drift,train,1,0.5,0.5,6,1279063,0.2685177717897176,1.4016432967581411
linear_drift_s00_r07_y0,slow_linear_drift,train,0,0.5,0.0,7,279064,2.2597755203951735,4.066152258473711
linear_drift_s00_r07_y1,slow_linear_drift,train,1,0.5,-0.5,7,1279064,0.11944684853904874,-0.934842256435064
linear_drift_s00_r08_y0,slow_linear_drift,train,0,0.5,0.0,8,279065,1.359216849224154,3.15351834537433
linear_drift_s00_r08_y1,slow_linear_drift,train,1,0.5,0.5,8,1279065,0.029159284246915718,-0.46189091143195005
linear_drift_s00_r09_y0,slow_linear_drift,train,0,0.5,0.0,9,279066,0.041713557639319276,-0.5524457065091325
linear_drift_s00_r09_y1,slow_linear_drift,train,1,0.5,-0.5,9,1279066,1.039874482552733,-2.758299671167905
linear_drift_s00_r10_y0,slow_linear_drift,train,0,0.5,0.0,10,279067,2.6371882989182893,4.3925989873488165
linear_drift_s00_r10_y1,slow_linear_drift,train,1,0.5,0.5,10,1279067,0.8473422903846739,2.4898915322021424
linear_drift_s00_r11_y0,slow_linear_drift,train,0,0.5,0.0,11,279068,0.28717175477712686,1.4495121099941985
linear_drift_s00_r11_y1,slow_linear_drift,train,1,0.5,-0.5,11,1279068,0.7601640562378762,-2.35833041626987
linear_drift_s00_r12_y0,slow_linear_drift,train,0,0.5,0.0,12,279069,1.7280093120008146,-3.5556911132362177
linear_drift_s00_r12_y1,slow_linear_drift,train,1,0.5,0.5,12,1279069,2.707204013355863,4.450527405110594
linear_drift_s00_r13_y0,slow_linear_drift,train,0,0.5,0.0,13,279070,1.5311967770507167,-3.3470830632220374
linear_drift_s00_r13_y1,slow_linear_drift,train,1,0.5,-0.5,13,1279070,1.8545257250711629,3.683557199091618
linear_drift_s00_r14_y0,slow_linear_drift,validation,0,0.5,0.0,14,279071,0.018102370963418934,0.363930720516514
linear_drift_s00_r14_y1,slow_linear_drift,validation,1,0.5,0.5,14,1279071,0.5092826629660223,1.9303249901447148
linear_drift_s00_r15_y0,slow_linear_drift,validation,0,0.5,0.0,15,279072,0.3205355850996341,-1.5314016563521282
linear_drift_s00_r15_y1,slow_linear_drift,validation,1,0.5,-0.5,15,1279072,0.7017808249505322,2.2659573739098016
linear_drift_s00_r16_y0,slow_linear_drift,validation,0,0.5,0.0,16,279073,3.0111769698870106,-4.693741059775878
linear_drift_s00_r16_y1,slow_linear_drift,validation,1,0.5,0.5,16,1279073,0.0349405360167907,0.5056101324220829
linear_drift_s00_r17_y0,slow_linear_drift,validation,0,0.5,0.0,17,279074,0.23636547299400945,1.3150522411950756
linear_drift_s00_r17_y1,slow_linear_drift,validation,1,0.5,-0.5,17,1279074,3.839576505801041,-5.300204785001509
linear_drift_s00_r18_y0,slow_linear_drift,validation,0,0.5,0.0,18,279075,0.43305933835468835,1.7800192174425193
linear_drift_s00_r18_y1,slow_linear_drift,validation,1,0.5,0.5,18,1279075,1.2743307719148973,3.053458854498407
linear_drift_s00_r19_y0,slow_linear_drift,test,0,0.5,0.0,19,279076,0.31307360312310095,-1.5134713800722448
linear_drift_s00_r19_y1,slow_linear_drift,test,1,0.5,-0.5,19,1279076,0.013349737818408869,-0.31252686484609604
linear_drift_s00_r20_y0,slow_linear_drift,test,0,0.5,0.0,20,279077,0.019849272800186668,0.3810862570853337
linear_drift_s00_r20_y1,slow_linear_drift,test,1,0.5,0.5,20,1279077,0.056105933279717135,0.640700971494912
linear_drift_s00_r21_y0,slow_linear_drift,test,0,0.5,0.0,21,279078,1.2737863123615156,-3.052806487588075
linear_drift_s00_r21_y1,slow_linear_drift,test,1,0.5,-0.5,21,1279078,0.07059047859651457,-0.7186609550877314
linear_drift_s00_r22_y0,slow_linear_drift,test,0,0.5,0.0,22,279079,0.13498193471562558,-0.9937767029281317
linear_drift_s00_r22_y1,slow_linear_drift,test,1,0.5,0.5,22,1279079,0.067911042106509,0.7048897322364699
linear_drift_s00_r23_y0,slow_linear_drift,test,0,0.5,0.0,23,279080,0.4427642081963796,1.7998538455395967
linear_drift_s00_r23_y1,slow_linear_drift,test,1,0.5,-0.5,23,1279080,3.124138147468372,-4.780970918376135
linear_drift_s01_r00_y0,slow_linear_drift,train,0,1.0,0.0,0,329057,0.18109532048001142,-1.1510775961757287
linear_drift_s01_r00_y1,slow_linear_drift,train,1,1.0,1.0,0,1329057,2.461971791770246,-4.244167577988408
linear_drift_s01_r01_y0,slow_linear_drift,train,0,1.0,0.0,1,329058,3.908201923021558,5.347360751455235
linear_drift_s01_r01_y1,slow_linear_drift,train,1,1.0,-1.0,1,1329058,0.001207662455477987,-0.09399911603053832
linear_drift_s01_r02_y0,slow_linear_drift,train,0,1.0,0.0,2,329059,0.14881394874144505,1.043452796731544
linear_drift_s01_r02_y1,slow_linear_drift,train,1,1.0,1.0,2,1329059,0.6538530056000411,2.1872128526481944
linear_drift_s01_r03_y0,slow_linear_drift,train,0,1.0,0.0,3,329060,0.5522595608931837,-2.010122888177947
linear_drift_s01_r03_y1,slow_linear_drift,train,1,1.0,-1.0,3,1329060,0.05695543055671948,0.6455331607480163
linear_drift_s01_r04_y0,slow_linear_drift,train,0,1.0,0.0,4,329061,3.3738914182259236,4.968399825433738
linear_drift_s01_r04_y1,slow_linear_drift,train,1,1.0,1.0,4,1329061,0.12804416970883636,-0.9679008944992669
linear_drift_s01_r05_y0,slow_linear_drift,train,0,1.0,0.0,5,329062,0.8018416652740683,-2.4221179975052487
linear_drift_s01_r05_y1,slow_linear_drift,train,1,1.0,-1.0,5,1329062,1.9269925125665353,-3.7548362383814804
linear_drift_s01_r06_y0,slow_linear_drift,train,0,1.0,0.0,6,329063,0.04371998939760857,0.5655760507494978
linear_drift_s01_r06_y1,slow_linear_drift,train,1,1.0,1.0,6,1329063,0.58674953003014,2.071940894344386
linear_drift_s01_r07_y0,slow_linear_drift,train,0,1.0,0.0,7,329064,0.002323762922820549,-0.1303907838256169
linear_drift_s01_r07_y1,slow_linear_drift,train,1,1.0,-1.0,7,1329064,0.0005977810102919534,-0.06613358174403862
linear_drift_s01_r08_y0,slow_linear_drift,train,0,1.0,0.0,8,329065,0.14079296804047203,1.0149425714149303
linear_drift_s01_r08_y1,slow_linear_drift,train,1,1.0,1.0,8,1329065,0.2325342490084168,-1.3043509256813568
linear_drift_s01_r09_y0,slow_linear_drift,train,0,1.0,0.0,9,329066,0.043179776454095986,0.5620710043644002
linear_drift_s01_r09_y1,slow_linear_drift,train,1,1.0,-1.0,9,1329066,1.0445545300606156,-2.7644996894467884
linear_drift_s01_r10_y0,slow_linear_drift,train,0,1.0,0.0,10,329067,0.8743504973094218,2.529261700537288
linear_drift_s01_r10_y1,slow_linear_drift,train,1,1.0,1.0,10,1329067,0.10607441867881562,-0.8809602586828027
linear_drift_s01_r11_y0,slow_linear_drift,train,0,1.0,0.0,11,329068,0.2322803572038481,-1.3036386554325687
linear_drift_s01_r11_y1,slow_linear_drift,train,1,1.0,-1.0,11,1329068,1.274281173826111,-3.0533994322509366
linear_drift_s01_r12_y0,slow_linear_drift,train,0,1.0,0.0,12,329069,2.002713925919103,-3.8278987850140833
linear_drift_s01_r12_y1,slow_linear_drift,train,1,1.0,1.0,12,1329069,0.7146523156164903,-2.2866431242409435
linear_drift_s01_r13_y0,slow_linear_drift,train,0,1.0,0.0,13,329070,0.011186376349257898,-0.2860854036622126
linear_drift_s01_r13_y1,slow_linear_drift,train,1,1.0,-1.0,13,1329070,0.39380849473376145,-1.697436462651244
linear_drift_s01_r14_y0,slow_linear_drift,validation,0,1.0,0.0,14,329071,0.12797080397715632,0.9676235646833963
linear_drift_s01_r14_y1,slow_linear_drift,validation,1,1.0,1.0,14,1329071,1.3748691318434965,-3.1716237971238415
linear_drift_s01_r15_y0,slow_linear_drift,validation,0,1.0,0.0,15,329072,0.8476836096848643,-2.4903929603027595
linear_drift_s01_r15_y1,slow_linear_drift,validation,1,1.0,-1.0,15,1329072,0.0016914313649181167,-0.11124440483623331
linear_drift_s01_r16_y0,slow_linear_drift,validation,0,1.0,0.0,16,329073,2.6141437375046053,-4.373364937287188
linear_drift_s01_r16_y1,slow_linear_drift,validation,1,1.0,1.0,16,1329073,0.0015704568405823238,0.10719239879447372
linear_drift_s01_r17_y0,slow_linear_drift,validation,0,1.0,0.0,17,329074,0.1872772705910748,-1.170559577426791
linear_drift_s01_r17_y1,slow_linear_drift,validation,1,1.0,-1.0,17,1329074,0.2863622241590207,-1.4474675973521305
linear_drift_s01_r18_y0,slow_linear_drift,validation,0,1.0,0.0,18,329075,1.3822009101716048e-05,-0.01005626187417827
linear_drift_s01_r18_y1,slow_linear_drift,validation,1,1.0,1.0,18,1329075,0.01592707849819419,-0.34136504423147923
linear_drift_s01_r19_y0,slow_linear_drift,test,0,1.0,0.0,19,329076,0.25685629832312173,1.3708694453985646
linear_drift_s01_r19_y1,slow_linear_drift,test,1,1.0,-1.0,19,1329076,0.08839461777476743,-0.8041996840930788
linear_drift_s01_r20_y0,slow_linear_drift,test,0,1.0,0.0,20,329077,0.23085406330705638,-1.299630062113878
linear_drift_s01_r20_y1,slow_linear_drift,test,1,1.0,1.0,20,1329077,1.0150217315862733,-2.7251389892756714
linear_drift_s01_r21_y0,slow_linear_drift,test,0,1.0,0.0,21,329078,0.0751532210359187,-0.7415232738040082
linear_drift_s01_r21_y1,slow_linear_drift,test,1,1.0,-1.0,21,1329078,0.0444703637591104,0.5704089458130237
linear_drift_s01_r22_y0,slow_linear_drift,test,0,1.0,0.0,22,329079,2.016999976017125,-3.841527385849081
linear_drift_s01_r22_y1,slow_linear_drift,test,1,1.0,1.0,22,1329079,2.198544596252482,-4.010685674506021
linear_drift_s01_r23_y0,slow_linear_drift,test,0,1.0,0.0,23,329080,0.0019657895388576208,0.11992769781411441
linear_drift_s01_r23_y1,slow_linear_drift,test,1,1.0,-1.0,23,1329080,0.3852967226383299,-1.678992068284617
linear_drift_s02_r00_y0,slow_linear_drift,train,0,2.0,0.0,0,429057,0.11809443364180794,0.929534901325882
linear_drift_s02_r00_y1,slow_linear_drift,train,1,2.0,2.0,0,1429057,1.0327404290484168,2.7488217370541714
linear_drift_s02_r01_y0,slow_linear_drift,train,0,2.0,0.0,1,429058,0.6873524418226111,2.2425427300746628
linear_drift_s02_r01_y1,slow_linear_drift,train,1,2.0,-2.0,1,1429058,0.49218250994187684,1.897641088854424
linear_drift_s02_r02_y0,slow_linear_drift,train,0,2.0,0.0,2,429059,0.00010110184628331353,-0.027197596745920746
linear_drift_s02_r02_y1,slow_linear_drift,train,1,2.0,2.0,2,1429059,0.6568884474570638,2.192283923537034
linear_drift_s02_r03_y0,slow_linear_drift,train,0,2.0,0.0,3,429060,0.05173437270592984,-0.6152343579894709
linear_drift_s02_r03_y1,slow_linear_drift,train,1,2.0,-2.0,3,1429060,7.428355638753111,-7.372203773270094
linear_drift_s02_r04_y0,slow_linear_drift,train,0,2.0,0.0,4,429061,1.3543227664822197,-3.1478358460844666
linear_drift_s02_r04_y1,slow_linear_drift,train,1,2.0,2.0,4,1429061,1.4774827796550198,3.287851553765694
linear_drift_s02_r05_y0,slow_linear_drift,train,0,2.0,0.0,5,429062,0.15349782266449097,-1.0597467583671285
linear_drift_s02_r05_y1,slow_linear_drift,train,1,2.0,-2.0,5,1429062,6.2164716505350555,-6.744083919673555
linear_drift_s02_r06_y0,slow_linear_drift,train,0,2.0,0.0,6,429063,0.9374677519304129,2.6189617506890555
linear_drift_s02_r06_y1,slow_linear_drift,train,1,2.0,2.0,6,1429063,0.12035827773642183,0.9384020964379313
linear_drift_s02_r07_y0,slow_linear_drift,train,0,2.0,0.0,7,429064,0.022452272651214855,0.4053042341650092
linear_drift_s02_r07_y1,slow_linear_drift,train,1,2.0,-2.0,7,1429064,5.354990404477853,-6.259365841556069
linear_drift_s02_r08_y0,slow_linear_drift,train,0,2.0,0.0,8,429065,1.0262894874121145,-2.740223125965498
linear_drift_s02_r08_y1,slow_linear_drift,train,1,2.0,2.0,8,1429065,0.4267963813969686,1.7671009133316669
linear_drift_s02_r09_y0,slow_linear_drift,train,0,2.0,0.0,9,429066,0.5590134259097894,2.0223769478894935
linear_drift_s02_r09_y1,slow_linear_drift,train,1,2.0,-2.0,9,1429066,1.9394628969273384,-3.7669662129520765
linear_drift_s02_r10_y0,slow_linear_drift,train,0,2.0,0.0,10,429067,0.15682097917394344,1.0711568456271796
linear_drift_s02_r10_y1,slow_linear_drift,train,1,2.0,2.0,10,1429067,1.7997965714960813,3.6287971947018973
linear_drift_s02_r11_y0,slow_linear_drift,train,0,2.0,0.0,11,429068,6.947243844482735,7.129470204866729
linear_drift_s02_r11_y1,slow_linear_drift,train,1,2.0,-2.0,11,1429068,0.3142961519481915,-1.5164235450176107
linear_drift_s02_r12_y0,slow_linear_drift,train,0,2.0,0.0,12,429069,1.333092628507508,-3.1230659152729987
linear_drift_s02_r12_y1,slow_linear_drift,train,1,2.0,2.0,12,1429069,1.9903004579164119,3.816017067970391
linear_drift_s02_r13_y0,slow_linear_drift,train,0,2.0,0.0,13,429070,0.06184776475532061,-0.672686932508372
linear_drift_s02_r13_y1,slow_linear_drift,train,1,2.0,-2.0,13,1429070,2.7352823031753886,-4.473547622136489
linear_drift_s02_r14_y0,slow_linear_drift,validation,0,2.0,0.0,14,429071,1.6934505679453835,-3.519956116005054
linear_drift_s02_r14_y1,slow_linear_drift,validation,1,2.0,2.0,14,1429071,1.3607299937817459,3.1552731800919496
linear_drift_s02_r15_y0,slow_linear_drift,validation,0,2.0,0.0,15,429072,0.5746622397050061,-2.0504884041747
linear_drift_s02_r15_y1,slow_linear_drift,validation,1,2.0,-2.0,15,1429072,4.064866930221896,-5.4534853835761945
linear_drift_s02_r16_y0,slow_linear_drift,validation,0,2.0,0.0,16,429073,3.909951673545649,-5.34855765740271
linear_drift_s02_r16_y1,slow_linear_drift,validation,1,2.0,2.0,16,1429073,2.643030598943163,4.397461871775276
linear_drift_s02_r17_y0,slow_linear_drift,validation,0,2.0,0.0,17,429074,0.56495508872149,-2.033096297496917
linear_drift_s02_r17_y1,slow_linear_drift,validation,1,2.0,-2.0,17,1429074,0.08509062221983044,-0.7890269491607853
linear_drift_s02_r18_y0,slow_linear_drift,validation,0,2.0,0.0,18,429075,0.10086977939290875,0.8590758738584731
linear_drift_s02_r18_y1,slow_linear_drift,validation,1,2.0,2.0,18,1429075,1.1432051794679623,2.8920984903531624
linear_drift_s02_r19_y0,slow_linear_drift,test,0,2.0,0.0,19,429076,0.37126206830564,1.6481292875931595
linear_drift_s02_r19_y1,slow_linear_drift,test,1,2.0,-2.0,19,1429076,2.530375184506056,-4.302723583546112
linear_drift_s02_r20_y0,slow_linear_drift,test,0,2.0,0.0,20,429077,1.0328587490542986,2.7489791973800486
linear_drift_s02_r20_y1,slow_linear_drift,test,1,2.0,2.0,20,1429077,0.28867805704510374,-1.4533087015374737
linear_drift_s02_r21_y0,slow_linear_drift,test,0,2.0,0.0,21,429078,1.1639916254113416,-2.9182729855851486
linear_drift_s02_r21_y1,slow_linear_drift,test,1,2.0,-2.0,21,1429078,1.0172759284956427,-2.7281633545819144
linear_drift_s02_r22_y0,slow_linear_drift,test,0,2.0,0.0,22,429079,0.03741538573388681,0.523210077764404
linear_drift_s02_r22_y1,slow_linear_drift,test,1,2.0,2.0,22,1429079,0.020319034400223757,0.3855693646856915
linear_drift_s02_r23_y0,slow_linear_drift,test,0,2.0,0.0,23,429080,0.12025741607051543,0.9380088179778475
linear_drift_s02_r23_y1,slow_linear_drift,test,1,2.0,-2.0,23,1429080,4.696707370884269,-5.862025970646235
linear_drift_s03_r00_y0,slow_linear_drift,train,0,3.0,0.0,0,529057,0.2713610120320311,-1.4090445100793898
linear_drift_s03_r00_y1,slow_linear_drift,train,1,3.0,3.0,0,1529057,0.8557936581827761,2.502277777324777
linear_drift_s03_r01_y0,slow_linear_drift,train,0,3.0,0.0,1,529058,0.5620583929096696,2.027877449070096
linear_drift_s03_r01_y1,slow_linear_drift,train,1,3.0,-3.0,1,1529058,1.897992770474069,-3.726475445967918
linear_drift_s03_r02_y0,slow_linear_drift,train,0,3.0,0.0,2,529059,0.00021859615164032675,-0.039991918901235636
linear_drift_s03_r02_y1,slow_linear_drift,train,1,3.0,3.0,2,1529059,2.921585061702615,4.6233870763050495
linear_drift_s03_r03_y0,slow_linear_drift,train,0,3.0,0.0,3,529060,0.8020190470987245,-2.4223858907628033
linear_drift_s03_r03_y1,slow_linear_drift,train,1,3.0,-3.0,3,1529060,1.6019580110637293,-3.423549025272577
linear_drift_s03_r04_y0,slow_linear_drift,train,0,3.0,0.0,4,529061,0.6930259944936239,2.2517789212628014
linear_drift_s03_r04_y1,slow_linear_drift,train,1,3.0,3.0,4,1529061,0.0047856587002002016,-0.18712070644183534
linear_drift_s03_r05_y0,slow_linear_drift,train,0,3.0,0.0,5,529062,0.00901566417941524,0.25683242376898074
linear_drift_s03_r05_y1,slow_linear_drift,train,1,3.0,-3.0,5,1529062,1.3421120475879533,-3.133613102743184
linear_drift_s03_r06_y0,slow_linear_drift,train,0,3.0,0.0,6,529063,0.003778250426343277,0.16626328503918522
linear_drift_s03_r06_y1,slow_linear_drift,train,1,3.0,3.0,6,1529063,2.1922763138049675,4.004964149564939
linear_drift_s03_r07_y0,slow_linear_drift,train,0,3.0,0.0,7,529064,0.0026217011672144963,0.13849770622839988
linear_drift_s03_r07_y1,slow_linear_drift,train,1,3.0,-3.0,7,1529064,2.478600874286329,-4.258476807413342
linear_drift_s03_r08_y0,slow_linear_drift,train,0,3.0,0.0,8,529065,0.0034982644343841685,-0.15998427753623892
linear_drift_s03_r08_y1,slow_linear_drift,train,1,3.0,3.0,8,1529065,1.0012377042926843,2.7065720018019883
linear_drift_s03_r09_y0,slow_linear_drift,train,0,3.0,0.0,9,529066,0.4079613452385047,-1.727668816925755
linear_drift_s03_r09_y1,slow_linear_drift,train,1,3.0,-3.0,9,1529066,4.874282717256719,-5.971814992578001
linear_drift_s03_r10_y0,slow_linear_drift,train,0,3.0,0.0,10,529067,0.07496171746176827,0.7405779055701898
linear_drift_s03_r10_y1,slow_linear_drift,train,1,3.0,3.0,10,1529067,1.4286190646694266,3.233026078415803
linear_drift_s03_r11_y0,slow_linear_drift,train,0,3.0,0.0,11,529068,0.7848131297298266,2.3962609866141804
linear_drift_s03_r11_y1,slow_linear_drift,train,1,3.0,-3.0,11,1529068,2.3585633862901005,-4.154079112779496
linear_drift_s03_r12_y0,slow_linear_drift,train,0,3.0,0.0,12,529069,0.007400849487289918,0.23269752978384012
linear_drift_s03_r12_y1,slow_linear_drift,train,1,3.0,3.0,12,1529069,7.541679082957373,7.428224335326378
linear_drift_s03_r13_y0,slow_linear_drift,train,0,3.0,0.0,13,529070,0.01336885219902939,-0.3127505254424987
linear_drift_s03_r13_y1,slow_linear_drift,train,1,3.0,-3.0,13,1529070,3.389771195706416,-4.980078397175591
linear_drift_s03_r14_y0,slow_linear_drift,validation,0,3.0,0.0,14,529071,1.2888747835550802,3.070834071316385
linear_drift_s03_r14_y1,slow_linear_drift,validation,1,3.0,3.0,14,1529071,1.079459307106255,2.81030932626495
linear_drift_s03_r15_y0,slow_linear_drift,validation,0,3.0,0.0,15,529072,7.568955713255178,-7.441645355489137
linear_drift_s03_r15_y1,slow_linear_drift,validation,1,3.0,-3.0,15,1529072,9.155491251990341,-8.184493592825968
linear_drift_s03_r16_y0,slow_linear_drift,validation,0,3.0,0.0,16,529073,2.4273645856029304,-4.214232507112801
linear_drift_s03_r16_y1,slow_linear_drift,validation,1,3.0,3.0,16,1529073,0.6131647501472912,2.118066430347696
linear_drift_s03_r17_y0,slow_linear_drift,validation,0,3.0,0.0,17,529074,0.17802226248679176,-1.1412693267746803
linear_drift_s03_r17_y1,slow_linear_drift,validation,1,3.0,-3.0,17,1529074,4.358291707002962,-5.646887485474754
linear_drift_s03_r18_y0,slow_linear_drift,validation,0,3.0,0.0,18,529075,4.814044479790127,-5.934799294397531
linear_drift_s03_r18_y1,slow_linear_drift,validation,1,3.0,3.0,18,1529075,3.775123732902202,5.255530760376933
linear_drift_s03_r19_y0,slow_linear_drift,test,0,3.0,0.0,19,529076,0.03316669873713707,-0.4926087366995927
linear_drift_s03_r19_y1,slow_linear_drift,test,1,3.0,-3.0,19,1529076,0.10816827742806367,-0.8896126378556949
linear_drift_s03_r20_y0,slow_linear_drift,test,0,3.0,0.0,20,529077,2.1643943663556158,-3.9794145586667438
linear_drift_s03_r20_y1,slow_linear_drift,test,1,3.0,3.0,20,1529077,0.008621323017564464,-0.2511527545298666
linear_drift_s03_r21_y0,slow_linear_drift,test,0,3.0,0.0,21,529078,0.04697782192220501,-0.5862696682025909
linear_drift_s03_r21_y1,slow_linear_drift,test,1,3.0,-3.0,21,1529078,0.7356974805929539,-2.3200675054451807
linear_drift_s03_r22_y0,slow_linear_drift,test,0,3.0,0.0,22,529079,1.726238866078063,3.553869140386912
linear_drift_s03_r22_y1,slow_linear_drift,test,1,3.0,3.0,22,1529079,0.21471924554533217,1.2533907154255384
linear_drift_s03_r23_y0,slow_linear_drift,test,0,3.0,0.0,23,529080,4.418314895373392,5.68563949901677
linear_drift_s03_r23_y1,slow_linear_drift,test,1,3.0,-3.0,23,1529080,0.9221297489147418,-2.5974488474261257
linear_drift_s04_r00_y0,slow_linear_drift,train,0,5.0,0.0,0,729057,0.2510905212209593,1.3553958331143603
linear_drift_s04_r00_y1,slow_linear_drift,train,1,5.0,5.0,0,1729057,1.7954965053706147,3.6244596491193115
linear_drift_s04_r01_y0,slow_linear_drift,train,0,5.0,0.0,1,729058,0.00018848060689435897,0.037135076490593825
linear_drift_s04_r01_y1,slow_linear_drift,train,1,5.0,-5.0,1,1729058,6.898208659458916,-7.104264960551338
linear_drift_s04_r02_y0,slow_linear_drift,train,0,5.0,0.0,2,729059,6.206754337414218,6.738810831578728
linear_drift_s04_r02_y1,slow_linear_drift,train,1,5.0,5.0,2,1729059,1.9525699340328657,3.7796735013414815
linear_drift_s04_r03_y0,slow_linear_drift,train,0,5.0,0.0,3,729060,5.559218313587742,6.377608439600907
linear_drift_s04_r03_y1,slow_linear_drift,train,1,5.0,-5.0,3,1729060,3.8277957701508143,-5.2920673927100825
linear_drift_s04_r04_y0,slow_linear_drift,train,0,5.0,0.0,4,729061,0.09746239605988904,0.8444414233191523
linear_drift_s04_r04_y1,slow_linear_drift,train,1,5.0,5.0,4,1729061,3.0098458661565957,4.692703500887399
linear_drift_s04_r05_y0,slow_linear_drift,train,0,5.0,0.0,5,729062,1.2849595884945089,-3.066166411241546
linear_drift_s04_r05_y1,slow_linear_drift,train,1,5.0,-5.0,5,1729062,0.0005130008344451653,-0.06126465931855099
linear_drift_s04_r06_y0,slow_linear_drift,train,0,5.0,0.0,6,729063,1.4599326986929455,-3.268266067352269
linear_drift_s04_r06_y1,slow_linear_drift,train,1,5.0,5.0,6,1729063,14.789768180919538,10.402354991305735
linear_drift_s04_r07_y0,slow_linear_drift,train,0,5.0,0.0,7,729064,4.4821720617027765,5.726578905513749
linear_drift_s04_r07_y1,slow_linear_drift,train,1,5.0,-5.0,7,1729064,3.4013743038537214,-4.988594462226362
linear_drift_s04_r08_y0,slow_linear_drift,train,0,5.0,0.0,8,729065,0.2702135799804424,1.4060623285960516
linear_drift_s04_r08_y1,slow_linear_drift,train,1,5.0,5.0,8,1729065,1.4772249050011226,3.287564616214983
linear_drift_s04_r09_y0,slow_linear_drift,train,0,5.0,0.0,9,729066,0.34732704977732,1.5941173580457526
linear_drift_s04_r09_y1,slow_linear_drift,train,1,5.0,-5.0,9,1729066,0.026004692036345034,-0.43619114469232206
linear_drift_s04_r10_y0,slow_linear_drift,train,0,5.0,0.0,10,729067,2.044690149055512,-3.8678065040607286
linear_drift_s04_r10_y1,slow_linear_drift,train,1,5.0,5.0,10,1729067,0.5086623942796535,1.9291491353424244
linear_drift_s04_r11_y0,slow_linear_drift,train,0,5.0,0.0,11,729068,3.315331643405905,4.92509346275359
linear_drift_s04_r11_y1,slow_linear_drift,train,1,5.0,-5.0,11,1729068,2.8330756762351115,-4.552815747461954
linear_drift_s04_r12_y0,slow_linear_drift,train,0,5.0,0.0,12,729069,0.6395655065556127,2.1631842070640293
linear_drift_s04_r12_y1,slow_linear_drift,train,1,5.0,5.0,12,1729069,8.498048855525056,7.885161609934412
linear_drift_s04_r13_y0,slow_linear_drift,train,0,5.0,0.0,13,729070,0.0006700184503927176,-0.0700155279745222
linear_drift_s04_r13_y1,slow_linear_drift,train,1,5.0,-5.0,13,1729070,0.20856849068614025,-1.235308233984626
linear_drift_s04_r14_y0,slow_linear_drift,validation,0,5.0,0.0,14,729071,4.280319837688744,-5.596146793509263
linear_drift_s04_r14_y1,slow_linear_drift,validation,1,5.0,5.0,14,1729071,5.29730961701862,6.225563478126223
linear_drift_s04_r15_y0,slow_linear_drift,validation,0,5.0,0.0,15,729072,0.5651687863366277,2.0334807765126706
linear_drift_s04_r15_y1,slow_linear_drift,validation,1,5.0,-5.0,15,1729072,8.394388228377686,-7.8369217863966885
linear_drift_s04_r16_y0,slow_linear_drift,validation,0,5.0,0.0,16,729073,1.0918745486903632,2.8264243012911656
linear_drift_s04_r16_y1,slow_linear_drift,validation,1,5.0,5.0,16,1729073,3.5876486559963325,5.123372580999275
linear_drift_s04_r17_y0,slow_linear_drift,validation,0,5.0,0.0,17,729074,0.3499722007416821,-1.6001760327350758
linear_drift_s04_r17_y1,slow_linear_drift,validation,1,5.0,-5.0,17,1729074,2.6999974776759643,-4.444599839766496
linear_drift_s04_r18_y0,slow_linear_drift,validation,0,5.0,0.0,18,729075,0.07581026604781727,-0.7447576920680797
linear_drift_s04_r18_y1,slow_linear_drift,validation,1,5.0,5.0,18,1729075,15.713654321904606,10.722340252072394
linear_drift_s04_r19_y0,slow_linear_drift,test,0,5.0,0.0,19,729076,5.353760229809268e-06,0.006258646829423675
linear_drift_s04_r19_y1,slow_linear_drift,test,1,5.0,-5.0,19,1729076,16.675019297928014,-11.045468962796058
linear_drift_s04_r20_y0,slow_linear_drift,test,0,5.0,0.0,20,729077,0.36797478666778716,-1.6408165132665307
linear_drift_s04_r20_y1,slow_linear_drift,test,1,5.0,5.0,20,1729077,0.7105106683516453,2.2800075686948276
linear_drift_s04_r21_y0,slow_linear_drift,test,0,5.0,0.0,21,729078,0.5755739001507649,-2.052114236040688
linear_drift_s04_r21_y1,slow_linear_drift,test,1,5.0,-5.0,21,1729078,5.447278264219662,-6.313072364798003
linear_drift_s04_r22_y0,slow_linear_drift,test,0,5.0,0.0,22,729079,2.221814150779643,-4.031854502018906
linear_drift_s04_r22_y1,slow_linear_drift,test,1,5.0,5.0,22,1729079,5.865077230790732,6.550702172144501
linear_drift_s04_r23_y0,slow_linear_drift,test,0,5.0,0.0,23,729080,0.07665829395665469,-0.7489116076332311
linear_drift_s04_r23_y1,slow_linear_drift,test,1,5.0,-5.0,23,1729080,4.199824711662686,-5.543276851041929
linear_drift_s05_r00_y0,slow_linear_drift,train,0,7.5,0.0,0,979057,1.600997156991255,3.4225221492828637
linear_drift_s05_r00_y1,slow_linear_drift,train,1,7.5,7.5,0,1979057,5.303989362575649,6.229487364196434
linear_drift_s05_r01_y0,slow_linear_drift,train,0,7.5,0.0,1,979058,0.4472475830210385,1.8089434405894178
linear_drift_s05_r01_y1,slow_linear_drift,train,1,7.5,-7.5,1,1979058,11.155044821922864,-9.034136472814394
linear_drift_s05_r02_y0,slow_linear_drift,train,0,7.5,0.0,2,979059,0.01821654004287865,-0.36507654636697323
linear_drift_s05_r02_y1,slow_linear_drift,train,1,7.5,7.5,2,1979059,6.078090367597902,6.668598393170165
linear_drift_s05_r03_y0,slow_linear_drift,train,0,7.5,0.0,3,979060,0.4917598979301516,-1.896826210097426
linear_drift_s05_r03_y1,slow_linear_drift,train,1,7.5,-7.5,3,1979060,13.380821664385032,-9.894466406781582
linear_drift_s05_r04_y0,slow_linear_drift,train,0,7.5,0.0,4,979061,0.029586590691408787,-0.46526292734955427
linear_drift_s05_r04_y1,slow_linear_drift,train,1,7.5,7.5,4,1979061,9.044584119322813,8.134770184580836
linear_drift_s05_r05_y0,slow_linear_drift,train,0,7.5,0.0,5,979062,0.5578079240360125,2.0201951622022536
linear_drift_s05_r05_y1,slow_linear_drift,train,1,7.5,-7.5,5,1979062,15.783065103393056,-10.745995664598444
linear_drift_s05_r06_y0,slow_linear_drift,train,0,7.5,0.0,6,979063,1.6925583698250222,3.5190287455687717
linear_drift_s05_r06_y1,slow_linear_drift,train,1,7.5,7.5,6,1979063,2.4852099446800437,4.264150539863592
linear_drift_s05_r07_y0,slow_linear_drift,train,0,7.5,0.0,7,979064,0.8224186113232719,2.452999456442519
linear_drift_s05_r07_y1,slow_linear_drift,train,1,7.5,-7.5,7,1979064,7.630661877498106,-7.471917912372834
linear_drift_s05_r08_y0,slow_linear_drift,train,0,7.5,0.0,8,979065,0.2638196695295605,-1.3893273110365618
linear_drift_s05_r08_y1,slow_linear_drift,train,1,7.5,7.5,8,1979065,11.211794167873762,9.057087117716856
linear_drift_s05_r09_y0,slow_linear_drift,train,0,7.5,0.0,9,979066,0.18163950798084727,1.152805780436013
linear_drift_s05_r09_y1,slow_linear_drift,train,1,7.5,-7.5,9,1979066,16.516920515777123,-10.992982243453092
linear_drift_s05_r10_y0,slow_linear_drift,train,0,7.5,0.0,10,979067,0.09764254853828191,-0.8452215086991703
linear_drift_s05_r10_y1,slow_linear_drift,train,1,7.5,7.5,10,1979067,14.303236013273356,10.229823471541689
linear_drift_s05_r11_y0,slow_linear_drift,train,0,7.5,0.0,11,979068,0.018731744857802823,-0.37020314498903706
linear_drift_s05_r11_y1,slow_linear_drift,train,1,7.5,-7.5,11,1979068,0.3815720473939095,-1.6708569259404122
linear_drift_s05_r12_y0,slow_linear_drift,train,0,7.5,0.0,12,979069,0.07262266809571116,-0.7289321194811379
linear_drift_s05_r12_y1,slow_linear_drift,train,1,7.5,7.5,12,1979069,10.983633700645598,8.964457395270228
linear_drift_s05_r13_y0,slow_linear_drift,train,0,7.5,0.0,13,979070,0.20861812613632225,-1.235455215517075
linear_drift_s05_r13_y1,slow_linear_drift,train,1,7.5,-7.5,13,1979070,8.586492322010436,-7.926087821057463
linear_drift_s05_r14_y0,slow_linear_drift,validation,0,7.5,0.0,14,979071,1.0419313568062094,2.7610262852478837
linear_drift_s05_r14_y1,slow_linear_drift,validation,1,7.5,7.5,14,1979071,1.559051357406588,3.377389881400567
linear_drift_s05_r15_y0,slow_linear_drift,validation,0,7.5,0.0,15,979072,1.5263608666201165,3.341793411886921
linear_drift_s05_r15_y1,slow_linear_drift,validation,1,7.5,-7.5,15,1979072,6.296207356458154,-6.787197678244725
linear_drift_s05_r16_y0,slow_linear_drift,validation,0,7.5,0.0,16,979073,0.32548734512587885,-1.543185169797769
linear_drift_s05_r16_y1,slow_linear_drift,validation,1,7.5,7.5,16,1979073,10.702259875021234,8.84888871250043
linear_drift_s05_r17_y0,slow_linear_drift,validation,0,7.5,0.0,17,979074,9.125953331474548,8.171280308105525
linear_drift_s05_r17_y1,slow_linear_drift,validation,1,7.5,-7.5,17,1979074,6.512209179405893,-6.90263895596015
linear_drift_s05_r18_y0,slow_linear_drift,validation,0,7.5,0.0,18,979075,0.9894345212939584,2.6905713689616304
linear_drift_s05_r18_y1,slow_linear_drift,validation,1,7.5,7.5,18,1979075,5.358898314605241,6.261649373011028
linear_drift_s05_r19_y0,slow_linear_drift,test,0,7.5,0.0,19,979076,0.007627790119880018,0.23623832488079427
linear_drift_s05_r19_y1,slow_linear_drift,test,1,7.5,-7.5,19,1979076,8.14190926435279,-7.718166020027939
linear_drift_s05_r20_y0,slow_linear_drift,test,0,7.5,0.0,20,979077,0.2336731939314518,-1.3075413572572046
linear_drift_s05_r20_y1,slow_linear_drift,test,1,7.5,7.5,20,1979077,5.296591635153568,6.225141566489212
linear_drift_s05_r21_y0,slow_linear_drift,test,0,7.5,0.0,21,979078,0.2065935440823523,-1.2294457217778947
linear_drift_s05_r21_y1,slow_linear_drift,test,1,7.5,-7.5,21,1979078,23.24890720079323,-13.042242141861575
linear_drift_s05_r22_y0,slow_linear_drift,test,0,7.5,0.0,22,979079,0.46305156076426357,-1.8406264696863637
linear_drift_s05_r22_y1,slow_linear_drift,test,1,7.5,7.5,22,1979079,14.109434035628432,10.160282509341958
linear_drift_s05_r23_y0,slow_linear_drift,test,0,7.5,0.0,23,979080,1.5003363566500312,3.3131820800521634
linear_drift_s05_r23_y1,slow_linear_drift,test,1,7.5,-7.5,23,1979080,11.088680852039815,-9.007223289792671
linear_drift_s06_r00_y0,slow_linear_drift,train,0,10.0,0.0,0,1229057,3.398673198148039,-4.986613292856758
linear_drift_s06_r00_y1,slow_linear_drift,train,1,10.0,10.0,0,2229057,10.629815854907918,8.81888861961344
linear_drift_s06_r01_y0,slow_linear_drift,train,0,10.0,0.0,1,1229058,3.80702281736167,5.2776881748390885
linear_drift_s06_r01_y1,slow_linear_drift,train,1,10.0,-10.0,1,2229058,14.217547583660199,-10.19913481079342
linear_drift_s06_r02_y0,slow_linear_drift,train,0,10.0,0.0,2,1229059,1.4609651080790016,-3.2694214604238736
linear_drift_s06_r02_y1,slow_linear_drift,train,1,10.0,10.0,2,2229059,24.206735605167495,13.308193302283334
linear_drift_s06_r03_y0,slow_linear_drift,train,0,10.0,0.0,3,1229060,0.0014218391306712874,-0.10199437433911648
linear_drift_s06_r03_y1,slow_linear_drift,train,1,10.0,-10.0,3,2229060,15.691341551812911,-10.714724897362492
linear_drift_s06_r04_y0,slow_linear_drift,train,0,10.0,0.0,4,1229061,0.5678218705796212,-2.038248094960335
linear_drift_s06_r04_y1,slow_linear_drift,train,1,10.0,10.0,4,2229061,15.003680153503254,10.47731221531138
linear_drift_s06_r05_y0,slow_linear_drift,train,0,10.0,0.0,5,1229062,0.054609932878292966,-0.6321014817992742
linear_drift_s06_r05_y1,slow_linear_drift,train,1,10.0,-10.0,5,2229062,14.333710218835492,-10.240715407806983
linear_drift_s06_r06_y0,slow_linear_drift,train,0,10.0,0.0,6,1229063,0.12052321010147438,0.9390448436311519
linear_drift_s06_r06_y1,slow_linear_drift,train,1,10.0,10.0,6,2229063,20.379065716411482,12.210771994030676
linear_drift_s06_r07_y0,slow_linear_drift,train,0,10.0,0.0,7,1229064,0.0038768553028276642,-0.16841888314677342
linear_drift_s06_r07_y1,slow_linear_drift,train,1,10.0,-10.0,7,2229064,14.43550967522124,-10.277016365681627
linear_drift_s06_r08_y0,slow_linear_drift,train,0,10.0,0.0,8,1229065,0.015116601480862357,0.3325661700774599
linear_drift_s06_r08_y1,slow_linear_drift,train,1,10.0,10.0,8,2229065,12.658828396187634,9.623825579842114
linear_drift_s06_r09_y0,slow_linear_drift,train,0,10.0,0.0,9,1229066,1.8756101480096063,-3.7044375175072286
linear_drift_s06_r09_y1,slow_linear_drift,train,1,10.0,-10.0,9,2229066,4.471759744155207,-5.719923468527815
linear_drift_s06_r10_y0,slow_linear_drift,train,0,10.0,0.0,10,1229067,0.078058571910816,0.755720647201269
linear_drift_s06_r10_y1,slow_linear_drift,train,1,10.0,10.0,10,2229067,1.0559825457173133,2.77958114460115
linear_drift_s06_r11_y0,slow_linear_drift,train,0,10.0,0.0,11,1229068,0.06702582586736838,-0.7002805658585655
linear_drift_s06_r11_y1,slow_linear_drift,train,1,10.0,-10.0,11,2229068,20.960720668775714,-12.38380464165877
linear_drift_s06_r12_y0,slow_linear_drift,train,0,10.0,0.0,12,1229069,0.4258265452676042,1.7650920244501938
linear_drift_s06_r12_y1,slow_linear_drift,train,1,10.0,10.0,12,2229069,15.326478841754607,10.58942020277391
linear_drift_s06_r13_y0,slow_linear_drift,train,0,10.0,0.0,13,1229070,0.00011461443988736164,0.028958139455493845
linear_drift_s06_r13_y1,slow_linear_drift,train,1,10.0,-10.0,13,2229070,15.498847780831369,-10.648800566262384
linear_drift_s06_r14_y0,slow_linear_drift,validation,0,10.0,0.0,14,1229071,0.5506909332856935,-2.0072661006349497
linear_drift_s06_r14_y1,slow_linear_drift,validation,1,10.0,10.0,14,2229071,34.89030802421356,15.977299962357836
linear_drift_s06_r15_y0,slow_linear_drift,validation,0,10.0,0.0,15,1229072,0.3907678775801955,1.69087076419031
linear_drift_s06_r15_y1,slow_linear_drift,validation,1,10.0,-10.0,15,2229072,18.654075981543272,-11.682555630605195
linear_drift_s06_r16_y0,slow_linear_drift,validation,0,10.0,0.0,16,1229073,0.013278634032808156,-0.3116934585188052
linear_drift_s06_r16_y1,slow_linear_drift,validation,1,10.0,10.0,16,2229073,30.925856592389657,15.042217219517978
linear_drift_s06_r17_y0,slow_linear_drift,validation,0,10.0,0.0,17,1229074,0.3425119849964453,1.5830290090674222
linear_drift_s06_r17_y1,slow_linear_drift,validation,1,10.0,-10.0,17,2229074,24.642966768711815,-13.42757178232322
linear_drift_s06_r18_y0,slow_linear_drift,validation,0,10.0,0.0,18,1229075,1.4456149583067486,3.2522004362962615
linear_drift_s06_r18_y1,slow_linear_drift,validation,1,10.0,10.0,18,2229075,8.535625301838053,7.902575579909254
linear_drift_s06_r19_y0,slow_linear_drift,test,0,10.0,0.0,19,1229076,5.299928468977491,-6.227102166228215
linear_drift_s06_r19_y1,slow_linear_drift,test,1,10.0,-10.0,19,2229076,18.775211355269093,-11.720426193668274
linear_drift_s06_r20_y0,slow_linear_drift,test,0,10.0,0.0,20,1229077,2.1738549975412838,-3.988102144405686
linear_drift_s06_r20_y1,slow_linear_drift,test,1,10.0,10.0,20,2229077,3.9406872983683314,5.3695386661419215
linear_drift_s06_r21_y0,slow_linear_drift,test,0,10.0,0.0,21,1229078,1.3133045889522776,-3.0998003141154147
linear_drift_s06_r21_y1,slow_linear_drift,test,1,10.0,-10.0,21,2229078,17.538843553503504,-11.327953670412812
linear_drift_s06_r22_y0,slow_linear_drift,test,0,10.0,0.0,22,1229079,0.025898486668033627,0.4352995125666758
linear_drift_s06_r22_y1,slow_linear_drift,test,1,10.0,10.0,22,2229079,4.777815274048578,5.912425266943165
linear_drift_s06_r23_y0,slow_linear_drift,test,0,10.0,0.0,23,1229080,0.014329671716367898,-0.32379423165929333
linear_drift_s06_r23_y1,slow_linear_drift,test,1,10.0,-10.0,23,2229080,16.696992744255525,-11.052744130252984
linear_drift_s07_r00_y0,slow_linear_drift,train,0,15.0,0.0,0,1729057,0.2586096314756503,-1.3755403508806887
linear_drift_s07_r00_y1,slow_linear_drift,train,1,15.0,15.0,0,2729057,21.23054926751181,12.463258481171387
linear_drift_s07_r01_y0,slow_linear_drift,train,0,15.0,0.0,1,1729058,0.6051999353593018,-2.104264960551337
linear_drift_s07_r01_y1,slow_linear_drift,train,1,15.0,-15.0,1,2729058,26.354506085440725,-13.88604050588298
linear_drift_s07_r02_y0,slow_linear_drift,train,0,15.0,0.0,2,1729059,0.20354015904428024,-1.2203264986585198
linear_drift_s07_r02_y1,slow_linear_drift,train,1,15.0,15.0,2,2729059,44.786168531307524,18.101849176694348
linear_drift_s07_r03_y0,slow_linear_drift,train,0,15.0,0.0,3,1729060,0.011659077075975688,-0.2920673927100811
linear_drift_s07_r03_y1,slow_linear_drift,train,1,15.0,-15.0,3,2729060,41.24284785477585,-17.371019590864343
linear_drift_s07_r04_y0,slow_linear_drift,train,0,15.0,0.0,4,1729061,0.012906641617291825,-0.30729649911260243
linear_drift_s07_r04_y1,slow_linear_drift,train,1,15.0,15.0,4,2729061,14.471591764528426,10.289852240638176
linear_drift_s07_r05_y0,slow_linear_drift,train,0,15.0,0.0,5,1729062,3.333723167097496,4.93873534068145
linear_drift_s07_r05_y1,slow_linear_drift,train,1,15.0,-15.0,5,2729062,33.900011737841155,-15.748924874792356
linear_drift_s07_r06_y0,slow_linear_drift,train,0,15.0,0.0,6,1729063,3.9890020809459585,5.402354991305737
linear_drift_s07_r06_y1,slow_linear_drift,train,1,15.0,15.0,6,2729063,43.180663570653174,17.77442838784109
linear_drift_s07_r07_y0,slow_linear_drift,train,0,15.0,0.0,7,1729064,1.777991008822255e-05,0.011405537773639495
linear_drift_s07_r07_y1,slow_linear_drift,train,1,15.0,-15.0,7,2729064,47.52052823419961,-18.646254899044585
linear_drift_s07_r08_y0,slow_linear_drift,train,0,15.0,0.0,8,1729065,0.4007987994019473,-1.7124353837850177
linear_drift_s07_r08_y1,slow_linear_drift,train,1,15.0,15.0,8,2729065,21.140708495472893,12.436860298447467
linear_drift_s07_r09_y0,slow_linear_drift,train,0,15.0,0.0,9,1729066,2.8467735319273615,4.56380885530768
linear_drift_s07_r09_y1,slow_linear_drift,train,1,15.0,-15.0,9,2729066,53.00624935444901,-19.693119882104305
linear_drift_s07_r10_y0,slow_linear_drift,train,0,15.0,0.0,10,1729067,1.2888888804243237,-3.070850864657576
linear_drift_s07_r10_y1,slow_linear_drift,train,1,15.0,15.0,10,2729067,28.112013083148895,14.341578690789962
linear_drift_s07_r11_y0,slow_linear_drift,train,0,15.0,0.0,11,1729068,0.02733197589857639,0.44718425253804656
linear_drift_s07_r11_y1,slow_linear_drift,train,1,15.0,-15.0,11,2729068,30.257649504237136,-14.878823122499057
linear_drift_s07_r12_y0,slow_linear_drift,train,0,15.0,0.0,12,1729069,1.1377276571669483,2.8851616099344106
linear_drift_s07_r12_y1,slow_linear_drift,train,1,15.0,15.0,12,2729069,21.942272537045753,12.670442709301387
linear_drift_s07_r13_y0,slow_linear_drift,train,0,15.0,0.0,13,1729070,1.937121557249604,3.7646917660153756
linear_drift_s07_r13_y1,slow_linear_drift,train,1,15.0,-15.0,13,2729070,16.781121999847343,-11.08055425144114
linear_drift_s07_r14_y0,slow_linear_drift,validation,0,15.0,0.0,14,1729071,0.20529087550209368,1.2255634781262226
linear_drift_s07_r14_y1,slow_linear_drift,validation,1,15.0,15.0,14,2729071,51.21519415393023,19.357550404036754
linear_drift_s07_r15_y0,slow_linear_drift,validation,0,15.0,0.0,15,1729072,1.10000016657294,-2.8369217863966876
linear_drift_s07_r15_y1,slow_linear_drift,validation,1,15.0,-15.0,15,2729072,14.432699764321711,-10.276016092523351
linear_drift_s07_r16_y0,slow_linear_drift,validation,0,15.0,0.0,16,1729073,0.0020803448244137712,0.12337258099927342
linear_drift_s07_r16_y1,slow_linear_drift,validation,1,15.0,15.0,16,2729073,17.565217790874335,11.336467741030862
linear_drift_s07_r17_y0,slow_linear_drift,validation,0,15.0,0.0,17,1729074,0.04216091497130492,0.555400160233506
linear_drift_s07_r17_y1,slow_linear_drift,validation,1,15.0,-15.0,17,2729074,18.383549891923522,-11.597534579422383
linear_drift_s07_r18_y0,slow_linear_drift,validation,0,15.0,0.0,18,1729075,4.475539360638152,5.722340252072392
linear_drift_s07_r18_y1,slow_linear_drift,validation,1,15.0,15.0,18,2729075,29.77873102175674,14.760602350580195
linear_drift_s07_r19_y0,slow_linear_drift,test,0,15.0,0.0,19,1729076,4.995259076665992,-6.045468962796059
linear_drift_s07_r19_y1,slow_linear_drift,test,1,15.0,-15.0,19,2729076,36.867749637052285,-16.42382473463739
linear_drift_s07_r20_y0,slow_linear_drift,test,0,15.0,0.0,20,1729077,1.0111915156314453,-2.719992431305172
linear_drift_s07_r20_y1,slow_linear_drift,test,1,15.0,15.0,20,2729077,34.70892472292081,15.93571546714899
linear_drift_s07_r21_y0,slow_linear_drift,test,0,15.0,0.0,21,1729078,0.23565428886451656,-1.313072364798001
linear_drift_s07_r21_y1,slow_linear_drift,test,1,15.0,-15.0,21,2729078,25.293650207076027,-13.603690454007646
linear_drift_s07_r22_y0,slow_linear_drift,test,0,15.0,0.0,22,1729079,0.3286660280388247,1.550702172144501
linear_drift_s07_r22_y1,slow_linear_drift,test,1,15.0,15.0,22,2729079,20.154838021828567,12.143409573180882
linear_drift_s07_r23_y0,slow_linear_drift,test,0,15.0,0.0,23,1729080,0.04034042100101942,-0.5432768510419286
linear_drift_s07_r23_y1,slow_linear_drift,test,1,15.0,-15.0,23,2729080,38.967709430800824,-16.885091800642822
linear_drift_s08_r00_y0,slow_linear_drift,train,0,20.0,0.0,0,2229057,0.19066884425700437,-1.1811113803865616
linear_drift_s08_r00_y1,slow_linear_drift,train,1,20.0,20.0,0,3229057,60.997820507170005,21.125555901866168
linear_drift_s08_r01_y0,slow_linear_drift,train,0,20.0,0.0,1,2229058,0.00541991402447195,-0.19913481079341994
linear_drift_s08_r01_y1,slow_linear_drift,train,1,20.0,-20.0,1,3229058,51.317876505459196,-19.37694585436688
linear_drift_s08_r02_y0,slow_linear_drift,train,0,20.0,0.0,2,2229059,1.4958215371316257,3.3081933022833327
linear_drift_s08_r02_y1,slow_linear_drift,train,1,20.0,20.0,2,3229059,48.12994649585647,18.765436740694625
linear_drift_s08_r03_y0,slow_linear_drift,train,0,20.0,0.0,3,2229060,0.06981935747548818,-0.7147248973624896
linear_drift_s08_r03_y1,slow_linear_drift,train,1,20.0,-20.0,3,3229060,38.07690609910709,-16.690979108260606
linear_drift_s08_r04_y0,slow_linear_drift,train,0,20.0,0.0,4,2229061,0.031138889742251763,0.4773122153113798
linear_drift_s08_r04_y1,slow_linear_drift,train,1,20.0,20.0,4,3229061,65.86220608754888,21.951748775448085
linear_drift_s08_r05_y0,slow_linear_drift,train,0,20.0,0.0,5,2229062,0.007919646651117773,-0.24071540780698214
linear_drift_s08_r05_y1,slow_linear_drift,train,1,20.0,-20.0,5,3229062,50.97548773376994,-19.312196956503087
linear_drift_s08_r06_y0,slow_linear_drift,train,0,20.0,0.0,6,2229063,0.6680145693921489,2.210771994030672
linear_drift_s08_r06_y1,slow_linear_drift,train,1,20.0,20.0,6,3229063,54.40536138759089,19.951329299468362
linear_drift_s08_r07_y0,slow_linear_drift,train,0,20.0,0.0,7,2229064,0.010488391270477848,-0.2770163656816246
linear_drift_s08_r07_y1,slow_linear_drift,train,1,20.0,-20.0,7,3229064,45.339881164477234,-18.21340629894191
linear_drift_s08_r08_y0,slow_linear_drift,train,0,20.0,0.0,8,2229065,0.019340894070889902,-0.3761744201578906
linear_drift_s08_r08_y1,slow_linear_drift,train,1,20.0,20.0,8,3229065,63.10369001491548,21.487127696546924
linear_drift_s08_r09_y0,slow_linear_drift,train,0,20.0,0.0,9,2229066,2.503808417745404,4.280076531472185
linear_drift_s08_r09_y1,slow_linear_drift,train,1,20.0,-20.0,9,3229066,61.45608586156047,-21.20476361098992
linear_drift_s08_r10_y0,slow_linear_drift,train,0,20.0,0.0,10,2229067,7.1256224764770835,-7.22041885539885
linear_drift_s08_r10_y1,slow_linear_drift,train,1,20.0,20.0,10,3229067,73.12211469274419,23.129985387693882
linear_drift_s08_r11_y0,slow_linear_drift,train,0,20.0,0.0,11,2229068,0.7766750392897279,-2.383804641658771
linear_drift_s08_r11_y1,slow_linear_drift,train,1,20.0,-20.0,11,3229068,45.98073161122399,-18.341672120026814
linear_drift_s08_r12_y0,slow_linear_drift,train,0,20.0,0.0,12,2229069,0.04748408359760958,0.5894202027739085
linear_drift_s08_r12_y1,slow_linear_drift,train,1,20.0,20.0,12,3229069,33.23895066118176,15.594614357768164
linear_drift_s08_r13_y0,slow_linear_drift,train,0,20.0,0.0,13,2229070,0.05753345650051145,-0.6488005662623855
linear_drift_s08_r13_y1,slow_linear_drift,train,1,20.0,-20.0,13,3229070,65.23916795185718,-21.84767334305934
linear_drift_s08_r14_y0,slow_linear_drift,validation,0,20.0,0.0,14,2229071,4.883240654266096,5.977299962357839
linear_drift_s08_r14_y1,slow_linear_drift,validation,1,20.0,20.0,14,3229071,52.19677568500454,19.542171724732885
linear_drift_s08_r15_y0,slow_linear_drift,validation,0,20.0,0.0,15,2229072,0.3869339977579642,-1.6825556306051925
linear_drift_s08_r15_y1,slow_linear_drift,validation,1,20.0,-20.0,15,3229072,50.26284258539551,-19.17672808121393
linear_drift_s08_r16_y0,slow_linear_drift,validation,0,20.0,0.0,16,2229073,3.474890536707825,5.04221721951798
linear_drift_s08_r16_y1,slow_linear_drift,validation,1,20.0,20.0,16,3229073,47.6228203592935,18.66631296415809
linear_drift_s08_r17_y0,slow_linear_drift,validation,0,20.0,0.0,17,2229074,1.6057249055566771,-3.4275717823232226
linear_drift_s08_r17_y1,slow_linear_drift,validation,1,20.0,-20.0,17,3229074,65.12275366786727,-21.828171892017515
linear_drift_s08_r18_y0,slow_linear_drift,validation,0,20.0,0.0,18,2229075,0.6012715653666163,-2.0974244200907486
linear_drift_s08_r18_y1,slow_linear_drift,validation,1,20.0,20.0,18,3229075,54.87928030528903,20.0380377626381
linear_drift_s08_r19_y0,slow_linear_drift,test,0,20.0,0.0,19,2229076,0.40454805558020723,-1.7204261936682688
linear_drift_s08_r19_y1,slow_linear_drift,test,1,20.0,-20.0,19,3229076,32.60840504215522,-15.445990575154282
linear_drift_s08_r20_y0,slow_linear_drift,test,0,20.0,0.0,20,2229077,2.9305325527801216,-4.63046133385808
linear_drift_s08_r20_y1,slow_linear_drift,test,1,20.0,20.0,20,3229077,34.081827521513254,15.79110146874465
linear_drift_s08_r21_y0,slow_linear_drift,test,0,20.0,0.0,21,2229078,0.2410259887917121,-1.3279536704128108
linear_drift_s08_r21_y1,slow_linear_drift,test,1,20.0,-20.0,21,3229078,65.68302332597321,-21.921867800440552
linear_drift_s08_r22_y0,slow_linear_drift,test,0,20.0,0.0,22,2229079,2.283649445557856,-4.087574733056836
linear_drift_s08_r22_y1,slow_linear_drift,test,1,20.0,20.0,22,3229079,69.57426805505042,22.56188130359382
linear_drift_s08_r23_y0,slow_linear_drift,test,0,20.0,0.0,23,2229080,0.15147594938206055,-1.0527441302529832
linear_drift_s08_r23_y1,slow_linear_drift,test,1,20.0,-20.0,23,3229080,60.44496024266226,-21.029601116129054
linear_drift_s09_r00_y0,slow_linear_drift,train,0,30.0,0.0,0,3229057,0.1731538550423224,1.1255559018661632
linear_drift_s09_r00_y1,slow_linear_drift,train,1,30.0,30.0,0,4229057,88.16317353935219,25.39771201539159
linear_drift_s09_r01_y0,slow_linear_drift,train,0,30.0,0.0,1,3229058,0.05305784491502408,0.6230541456331264
linear_drift_s09_r01_y1,slow_linear_drift,train,1,30.0,-30.0,1,4229058,120.39720798076007,-29.679678684442546
linear_drift_s09_r02_y0,slow_linear_drift,train,0,30.0,0.0,2,3229059,0.20831700463858027,-1.2345632593053772
linear_drift_s09_r02_y1,slow_linear_drift,train,1,30.0,30.0,2,4229059,149.29519150469716,33.0501851781628
linear_drift_s09_r03_y0,slow_linear_drift,train,0,30.0,0.0,3,3229060,1.4965700308628982,3.309020891739394
linear_drift_s09_r03_y1,slow_linear_drift,train,1,30.0,-30.0,3,4229060,102.62666404497888,-27.401926247649776
linear_drift_s09_r04_y0,slow_linear_drift,train,0,30.0,0.0,4,3229061,0.5206499811554295,1.9517487754480842
linear_drift_s09_r04_y1,slow_linear_drift,train,1,30.0,30.0,4,4229061,107.37419497762522,28.02857042288588
linear_drift_s09_r05_y0,slow_linear_drift,train,0,30.0,0.0,5,3229062,0.06465858740344288,0.6878030434969181
linear_drift_s09_r05_y1,slow_linear_drift,train,1,30.0,-30.0,5,4229062,131.75749132730704,-31.048358594878152
linear_drift_s09_r06_y0,slow_linear_drift,train,0,30.0,0.0,6,3229063,0.00032376747650886273,-0.048670700531636066
linear_drift_s09_r06_y1,slow_linear_drift,train,1,30.0,30.0,6,4229063,133.43095767424376,31.244910760218662
linear_drift_s09_r07_y0,slow_linear_drift,train,0,30.0,0.0,7,3229064,0.43626424697743005,1.7865937010580955
linear_drift_s09_r07_y1,slow_linear_drift,train,1,30.0,-30.0,7,4229064,109.23192467108942,-28.269998149074585
linear_drift_s09_r08_y0,slow_linear_drift,train,0,30.0,0.0,8,3229065,0.30226965481536183,1.4871276965469213
linear_drift_s09_r08_y1,slow_linear_drift,train,1,30.0,30.0,8,4229065,107.65174645563363,28.06477255885167
linear_drift_s09_r09_y0,slow_linear_drift,train,0,30.0,0.0,9,3229066,0.19838174629598626,-1.2047636109899182
linear_drift_s09_r09_y1,slow_linear_drift,train,1,30.0,-30.0,9,4229066,143.3020994120286,-32.38003124845918
linear_drift_s09_r10_y0,slow_linear_drift,train,0,30.0,0.0,10,3229067,1.3390063790437807,3.129985387693883
linear_drift_s09_r10_y1,slow_linear_drift,train,1,30.0,30.0,10,4229067,114.94328281539337,28.999651932970213
linear_drift_s09_r11_y0,slow_linear_drift,train,0,30.0,0.0,11,3229068,0.3758710094384696,1.658327879973181
linear_drift_s09_r11_y1,slow_linear_drift,train,1,30.0,-30.0,11,4229068,107.48969463562958,-28.043641177080197
linear_drift_s09_r12_y0,slow_linear_drift,train,0,30.0,0.0,12,3229069,2.652564114746255,-4.405385642231842
linear_drift_s09_r12_y1,slow_linear_drift,train,1,30.0,30.0,12,4229069,167.96113876013294,35.05543755636084
linear_drift_s09_r13_y0,slow_linear_drift,train,0,30.0,0.0,13,3229070,0.4666039513466984,-1.8476733430593362
linear_drift_s09_r13_y1,slow_linear_drift,train,1,30.0,-30.0,13,4229070,115.95281352118332,-29.126723464609356
linear_drift_s09_r14_y0,slow_linear_drift,validation,0,30.0,0.0,14,3229071,0.028648589721015583,-0.45782827526711417
linear_drift_s09_r14_y1,slow_linear_drift,validation,1,30.0,30.0,14,4229071,138.47204597982733,31.829663081227235
linear_drift_s09_r15_y0,slow_linear_drift,validation,0,30.0,0.0,15,3229072,0.09263703158305248,0.82327191878607
linear_drift_s09_r15_y1,slow_linear_drift,validation,1,30.0,-30.0,15,4229072,136.82729569800532,-31.64006440098239
linear_drift_s09_r16_y0,slow_linear_drift,validation,0,30.0,0.0,16,3229073,0.24311171394753472,-1.3336870358419097
linear_drift_s09_r16_y1,slow_linear_drift,validation,1,30.0,30.0,16,4229073,121.93135111369517,29.868174513804107
linear_drift_s09_r17_y0,slow_linear_drift,validation,0,30.0,0.0,17,3229074,0.45680629571358367,-1.828171892017507
linear_drift_s09_r17_y1,slow_linear_drift,validation,1,30.0,-30.0,17,4229074,132.57396935012113,-31.144410631669036
linear_drift_s09_r18_y0,slow_linear_drift,validation,0,30.0,0.0,18,3229075,0.00019775521904819016,0.03803776263809085
linear_drift_s09_r18_y1,slow_linear_drift,validation,1,30.0,30.0,18,4229075,124.0186400232979,30.122739728728323
linear_drift_s09_r19_y0,slow_linear_drift,test,0,30.0,0.0,19,3229076,2.834561447623038,4.55400942484572
linear_drift_s09_r19_y1,slow_linear_drift,test,1,30.0,-30.0,19,4229076,155.11268582715815,-33.6879548211929
linear_drift_s09_r20_y0,slow_linear_drift,test,0,30.0,0.0,20,3229077,2.421223818469869,-4.208898531255356
linear_drift_s09_r20_y1,slow_linear_drift,test,1,30.0,30.0,20,4229077,103.14018394360174,27.470397126429717
linear_drift_s09_r21_y0,slow_linear_drift,test,0,30.0,0.0,21,3229078,0.504829874003967,-1.9218678004405496
linear_drift_s09_r21_y1,slow_linear_drift,test,1,30.0,-30.0,21,4229078,111.43820118342417,-28.554070906083677
linear_drift_s09_r22_y0,slow_linear_drift,test,0,30.0,0.0,22,3229079,0.8970487273828311,2.5618813035938213
linear_drift_s09_r22_y1,slow_linear_drift,test,1,30.0,30.0,22,4229079,134.61074757121844,31.38273973560869
linear_drift_s09_r23_y0,slow_linear_drift,test,0,30.0,0.0,23,3229080,0.14488920693496254,-1.0296011161290524
linear_drift_s09_r23_y1,slow_linear_drift,test,1,30.0,-30.0,23,4229080,149.47603561792076,-33.070196279903065
linear_drift_s10_r00_y0,slow_linear_drift,train,0,45.0,0.0,0,4729057,0.30259631568036127,1.4879310442139269
linear_drift_s10_r00_y1,slow_linear_drift,train,1,45.0,45.0,0,5729057,255.62510915040042,43.246676980343864
linear_drift_s10_r01_y0,slow_linear_drift,train,0,45.0,0.0,1,4729058,1.5651265829591523,3.3839638968471517
linear_drift_s10_r01_y1,slow_linear_drift,train,1,45.0,-45.0,1,5729058,202.8962382063153,-38.529021941068535
linear_drift_s10_r02_y0,slow_linear_drift,train,0,45.0,0.0,2,4729059,2.503645944574359,-4.279937661244943
linear_drift_s10_r02_y1,slow_linear_drift,train,1,45.0,45.0,2,5729059,278.5143778770031,45.14137640272138
linear_drift_s10_r03_y0,slow_linear_drift,train,0,45.0,0.0,3,4729060,1.599748411584038,-3.421187139878743
linear_drift_s10_r03_y1,slow_linear_drift,train,1,45.0,-45.0,3,5729060,320.3913352843941,-48.41627446132128
linear_drift_s10_r04_y0,slow_linear_drift,train,0,45.0,0.0,4,4729061,1.2787591140627939,-3.058759689283133
linear_drift_s10_r04_y1,slow_linear_drift,train,1,45.0,45.0,4,5729061,339.36147300339036,49.82900959289357
linear_drift_s10_r05_y0,slow_linear_drift,train,0,45.0,0.0,5,4729062,0.00822375195408398,0.24529347080175085
linear_drift_s10_r05_y1,slow_linear_drift,train,1,45.0,-45.0,5,5729062,268.90055775367745,-44.35543456901134
linear_drift_s10_r06_y0,slow_linear_drift,train,0,45.0,0.0,6,4729063,0.009371913168493506,0.26185755900554136
linear_drift_s10_r06_y1,slow_linear_drift,train,1,45.0,45.0,6,5729063,270.96970991513183,44.52576196646497
linear_drift_s10_r07_y0,slow_linear_drift,train,0,45.0,0.0,7,4729064,0.04889495665782562,0.5981126940964807
linear_drift_s10_r07_y1,slow_linear_drift,train,1,45.0,-45.0,7,5729064,259.9505775076117,-43.61103365953147
linear_drift_s10_r08_y0,slow_linear_drift,train,0,45.0,0.0,8,4729065,0.10236944033635353,0.8654383807623396
linear_drift_s10_r08_y1,slow_linear_drift,train,1,45.0,45.0,8,5729065,232.9905165471145,41.28764473773787
linear_drift_s10_r09_y0,slow_linear_drift,train,0,45.0,0.0,9,4729066,0.007036601479391891,0.22689893879436113
linear_drift_s10_r09_y1,slow_linear_drift,train,1,45.0,-45.0,9,5729066,305.777769562864,-47.299215897081545
linear_drift_s10_r10_y0,slow_linear_drift,train,0,45.0,0.0,10,4729067,3.1263079580931077,4.782630896328358
linear_drift_s10_r10_y1,slow_linear_drift,train,1,45.0,45.0,10,5729067,271.2681690373675,44.55027662998933
linear_drift_s10_r11_y0,slow_linear_drift,train,0,45.0,0.0,11,4729068,0.5272917493148626,1.9641582477578068
linear_drift_s10_r11_y1,slow_linear_drift,train,1,45.0,-45.0,11,5729068,343.21051745571884,-50.11079364546765
linear_drift_s10_r12_y0,slow_linear_drift,train,0,45.0,0.0,12,4729069,0.19925792424815825,-1.2074211749202302
linear_drift_s10_r12_y1,slow_linear_drift,train,1,45.0,45.0,12,5729069,244.71940305962272,42.31410791883132
linear_drift_s10_r13_y0,slow_linear_drift,train,0,45.0,0.0,13,4729070,0.2624871598642642,-1.3858142378102283
linear_drift_s10_r13_y1,slow_linear_drift,train,1,45.0,-45.0,13,5729070,276.41269923452876,-44.97073472175035
linear_drift_s10_r14_y0,slow_linear_drift,validation,0,45.0,0.0,14,4729071,0.04458847243708419,0.5711659170631331
linear_drift_s10_r14_y1,slow_linear_drift,validation,1,45.0,45.0,14,5729071,264.6628740187151,44.00454138960329
linear_drift_s10_r15_y0,slow_linear_drift,validation,0,45.0,0.0,15,4729072,0.35518359948227385,1.6120460326748534
linear_drift_s10_r15_y1,slow_linear_drift,validation,1,45.0,-45.0,15,5729072,232.20328335797097,-41.217833943163235
linear_drift_s10_r16_y0,slow_linear_drift,validation,0,45.0,0.0,16,4729073,0.002613013424124233,0.1382680402827226
linear_drift_s10_r16_y1,slow_linear_drift,validation,1,45.0,45.0,16,5729073,237.7596069709401,41.708063313541444
linear_drift_s10_r17_y0,slow_linear_drift,validation,0,45.0,0.0,17,4729074,0.8218061890416664,2.4520859610049377
linear_drift_s10_r17_y1,slow_linear_drift,validation,1,45.0,-45.0,17,5729074,317.2933241740886,-48.18162624529778
linear_drift_s10_r18_y0,slow_linear_drift,validation,0,45.0,0.0,18,4729075,0.0006176807594471256,0.06722534253292686
linear_drift_s10_r18_y1,slow_linear_drift,validation,1,45.0,45.0,18,5729075,252.36242953226014,42.969800459437344
linear_drift_s10_r19_y0,slow_linear_drift,test,0,45.0,0.0,19,4729076,0.915818051048781,-2.588544209922825
linear_drift_s10_r19_y1,slow_linear_drift,test,1,45.0,-45.0,19,5729076,269.5270142068465,-44.407071842672124
linear_drift_s10_r20_y0,slow_linear_drift,test,0,45.0,0.0,20,4729077,0.10927814872058406,-0.8941649694068965
linear_drift_s10_r20_y1,slow_linear_drift,test,1,45.0,45.0,20,5729077,295.1253693537334,46.46802976347992
linear_drift_s10_r21_y0,slow_linear_drift,test,0,45.0,0.0,21,4729078,0.0025572914429830007,0.1367858267712233
linear_drift_s10_r21_y1,slow_linear_drift,test,1,45.0,-45.0,21,5729078,300.54127154656936,-46.89246325901503
linear_drift_s10_r22_y0,slow_linear_drift,test,0,45.0,0.0,22,4729079,0.39577449667956444,-1.7016682260391442
linear_drift_s10_r22_y1,slow_linear_drift,test,1,45.0,45.0,22,5729079,273.6181924310742,44.74283225757947
linear_drift_s10_r23_y0,slow_linear_drift,test,0,45.0,0.0,23,4729080,1.68488590033229,-3.5110437010127393
linear_drift_s10_r23_y1,slow_linear_drift,test,1,45.0,-45.0,23,5729080,296.57842439307075,-46.58228239314308
linear_drift_s11_r00_y0,slow_linear_drift,train,0,65.0,0.0,0,6729057,0.00921732329339875,-0.25968890627203284
linear_drift_s11_r00_y1,slow_linear_drift,train,1,65.0,65.0,0,7729057,513.110844612312,61.27122789792857
linear_drift_s11_r01_y0,slow_linear_drift,train,0,65.0,0.0,1,6729058,0.0004317103057971394,0.056201407897575446
linear_drift_s11_r01_y1,slow_linear_drift,train,1,65.0,-65.0,1,7729058,598.9958925030201,-66.20074992979998
linear_drift_s11_r02_y0,slow_linear_drift,train,0,65.0,0.0,2,6729059,0.34730309806906945,1.5940623918514483
linear_drift_s11_r02_y1,slow_linear_drift,train,1,65.0,65.0,2,7729059,547.5026398740354,63.291311610376546
linear_drift_s11_r03_y0,slow_linear_drift,train,0,65.0,0.0,3,6729060,0.47017608756880236,1.8547323884861715
linear_drift_s11_r03_y1,slow_linear_drift,train,1,65.0,-65.0,3,7729060,673.4018494675378,-70.19208443224124
linear_drift_s11_r04_y0,slow_linear_drift,train,0,65.0,0.0,4,6729061,0.2580389161623202,1.374021699901007
linear_drift_s11_r04_y1,slow_linear_drift,train,1,65.0,65.0,4,7729061,654.9018782270321,69.2211970033494
linear_drift_s11_r05_y0,slow_linear_drift,train,0,65.0,0.0,5,6729062,2.0237766896066205,3.847975353487872
linear_drift_s11_r05_y1,slow_linear_drift,train,1,65.0,-65.0,5,7729062,574.7836153723965,-64.84898409271297
linear_drift_s11_r06_y0,slow_linear_drift,train,0,65.0,0.0,6,6729063,0.8989275748745627,2.5645628003567214
linear_drift_s11_r06_y1,slow_linear_drift,train,1,65.0,65.0,6,7729063,664.6251762587049,69.73316567338624
linear_drift_s11_r07_y0,slow_linear_drift,train,0,65.0,0.0,7,6729064,1.0865404755126917,2.8195119631926526
linear_drift_s11_r07_y1,slow_linear_drift,train,1,65.0,-65.0,7,7729064,582.2675782458396,-65.2698014042481
linear_drift_s11_r08_y0,slow_linear_drift,train,0,65.0,0.0,8,6729065,0.07729818340464334,0.7520308052675463
linear_drift_s11_r08_y1,slow_linear_drift,train,1,65.0,65.0,8,7729065,593.200219644024,65.87970391376815
linear_drift_s11_r09_y0,slow_linear_drift,train,0,65.0,0.0,9,6729066,0.006525532721816774,-0.21850378930253295
linear_drift_s11_r09_y1,slow_linear_drift,train,1,65.0,-65.0,9,7729066,558.7682587984978,-63.93914888375684
linear_drift_s11_r10_y0,slow_linear_drift,train,0,65.0,0.0,10,6729067,0.8106384267548492,-2.4353679170336417
linear_drift_s11_r10_y1,slow_linear_drift,train,1,65.0,65.0,10,7729067,550.4313251725499,63.460363867015126
linear_drift_s11_r11_y0,slow_linear_drift,train,0,65.0,0.0,11,6729068,0.5478165636385341,-2.0020207144696616
linear_drift_s11_r11_y1,slow_linear_drift,train,1,65.0,-65.0,11,7729068,600.7416816029493,-66.29715164287862
linear_drift_s11_r12_y0,slow_linear_drift,train,0,65.0,0.0,12,6729069,0.173477381864366,-1.126606925494972
linear_drift_s11_r12_y1,slow_linear_drift,train,1,65.0,65.0,12,7729069,558.2117416360625,63.90730017230099
linear_drift_s11_r13_y0,slow_linear_drift,train,0,65.0,0.0,13,6729070,0.9220037502781082,-2.597271385309593
linear_drift_s11_r13_y1,slow_linear_drift,train,1,65.0,-65.0,13,7729070,536.3244542751851,-62.6418805161918
linear_drift_s11_r14_y0,slow_linear_drift,validation,0,65.0,0.0,14,6729071,8.008474057692958,-7.65465944224151
linear_drift_s11_r14_y1,slow_linear_drift,validation,1,65.0,65.0,14,7729071,499.5191161384633,60.45427865716326
linear_drift_s11_r15_y0,slow_linear_drift,validation,0,65.0,0.0,15,6729072,8.975857518813974,8.103804625455659
linear_drift_s11_r15_y1,slow_linear_drift,validation,1,65.0,-65.0,15,7729072,634.184524408721,-68.11751672648973
linear_drift_s11_r16_y0,slow_linear_drift,validation,0,65.0,0.0,16,6729073,1.2039164263815394,2.967899270720142
linear_drift_s11_r16_y1,slow_linear_drift,validation,1,65.0,65.0,16,7729073,521.0163637808444,61.74142784454543
linear_drift_s11_r17_y0,slow_linear_drift,validation,0,65.0,0.0,17,6729074,0.5528079719522196,2.0111206980510765
linear_drift_s11_r17_y1,slow_linear_drift,validation,1,65.0,-65.0,17,7729074,577.9472975311515,-65.02720771802618
linear_drift_s11_r18_y0,slow_linear_drift,validation,0,65.0,0.0,18,6729075,0.10999404143885272,0.8970890728733473
linear_drift_s11_r18_y1,slow_linear_drift,validation,1,65.0,65.0,18,7729075,557.654002067093,63.875365571849606
linear_drift_s11_r19_y0,slow_linear_drift,test,0,65.0,0.0,19,6729076,2.875243795119225,-4.586573151665946
linear_drift_s11_r19_y1,slow_linear_drift,test,1,65.0,-65.0,19,7729076,571.4734097826487,-64.66198030443024
linear_drift_s11_r20_y0,slow_linear_drift,test,0,65.0,0.0,20,6729077,1.4821703357748675,-3.2930630472507034
linear_drift_s11_r20_y1,slow_linear_drift,test,1,65.0,65.0,20,7729077,538.5314453041287,62.770634792948414
linear_drift_s11_r21_y0,slow_linear_drift,test,0,65.0,0.0,21,6729078,2.8885897554718554,-4.5972055293508465
linear_drift_s11_r21_y1,slow_linear_drift,test,1,65.0,-65.0,21,7729078,550.3367383937459,-63.45491108024843
linear_drift_s11_r22_y0,slow_linear_drift,test,0,65.0,0.0,22,6729079,0.16705491046047882,1.1055556541082066
linear_drift_s11_r22_y1,slow_linear_drift,test,1,65.0,65.0,22,7729079,585.0093214815445,65.42329000392499
linear_drift_s11_r23_y0,slow_linear_drift,test,0,65.0,0.0,23,6729080,0.9310652570703581,-2.6100032469789265
linear_drift_s11_r23_y1,slow_linear_drift,test,1,65.0,-65.0,23,7729080,550.1697633093019,-63.44528407173436
